ID,Taxonrich,logTN,ELEV,longitude,logprecip,logAREA,logCL,logHCO3,logSO4,SED,STRMTEMP,Percent.AGT,Percent.URB,Percent.Canopy,Riparian.Disturb.
1,42,2.439332694,2149,-104.904722,-0.514164525,4.111693201,6.156131169,7.510238289,5.685618504,40,18.5,0.34,0.8,0.5,0.33335
2,26,2.891537458,760,-101.78264,-0.825536369,4.937992914,5.731073335,8.365002157,6.002157177,29.52380952,27,21.22,0.46,0.681818182,1.5
3,58,1.897627091,58,-121.978611,0.98170387,6.171804976,3.815512105,6.291311699,4.163559631,11.42857143,18.1,0,0.24,0.090909091,0
4,32,2.64246452,1719,-108.826667,-0.452556716,7.888537031,8.357798787,7.663746192,6.764692896,18.0952381,8.1,1.51,0.05,0.227272727,0
5,55,2.252853032,1146,-117.531667,0.156148682,3.156574799,3.063390922,7.678875273,5.563370321,16.19047619,13.9,0.72,0.02,0.818181818,0
6,84,1.748188026,1256,-122.32812,0.330022913,2.740840024,2.028148247,6.032628938,1.30833282,16.19047619,9.7,0.01,0.01,0,0
7,57,2.093421685,2735,-107.73968,-0.468404908,0.896088025,2.939161922,7.804780415,5.759847699,13.33333333,10.5,1.91,0,0,0.030304546
8,26,2.555094448,1255,-119.140556,-1.052683357,3.316002536,6.256133845,7.166319872,5.38357721,70.47619048,28,0,0,0.727272727,1.5
9,55,2.403120521,2012,-115.086944,-0.68319685,1.190887565,3.660994251,6.029684987,3.292126287,12.38095238,14.6,0,0,0.954545455,1.5
10,74,2.167317336,753,-122.13771,0.647103242,1.235471471,3.433987204,5.353412975,1.871802177,20,7.8,0,0,0,0
11,44,2.547774704,1532,-107.378611,-0.723606388,6.178607794,3.660994251,8.21066477,8.760217798,16.19047619,14,0.95,0,0.636363636,0.4091
12,54,2.462397998,2751,-106.07704,-0.479650006,2.536074936,3.676300672,6.995873293,4.018183201,25.71428571,18.8,0,0.26,1,0.613645455
13,59,1.633468456,419,-122.15535,0.800655388,5.239681391,3.471966453,5.979195054,3.46885603,27,11.9,0.11,0.26,0,0
14,31,3.06669855,865,-100.86819,-0.721546655,4.548494009,4.674696249,8.484926165,4.238444906,100,21.4,19.08,0.07,1,1.00005
15,60,1.995635195,924,-123.454722,0.423305026,3.133753571,3.443618098,6.444612002,4.223909767,5.714285714,16.5,0,0.05,0,0
16,48,2.075546962,1397,-111.03606,-0.400477567,4.609361391,4.548599834,8.182400704,5.321545493,12.38095238,16.7,0,0.04,0.272727273,0.090913636
17,45,1.806179973,1761,-122.028889,0.173953307,2.574899688,1.987874348,6.219818501,2.785011242,58.0952381,12.4,0,0.02,0.863636364,1.5
18,51,1.838849091,1853,-114.80021,-0.350976923,5.128181265,4.198704578,7.3881819,5.888323788,25.71428571,25.5,0,0.02,0.363636364,0
19,28,2.937517891,1042,-103.6309,-0.923818998,7.70852292,6.866516531,8.117760899,10.23679407,75.23809524,20.5,2.6,0.01,0.5,1.5
20,45,2.447158031,1987,-108.67407,-0.657780037,4.748750914,5.04407007,8.55633294,8.369017956,74.28571429,15.5,0,0,1,1.23485
21,43,1.880813592,1921,-116.0938,0.354873322,3.666378189,1.131402111,4.599081689,2.415913778,27.61904762,11,0,0,0.363636364,0
22,42,2.320146286,1416,-109.75453,-0.629233855,0.678033543,1.435084525,8.173440114,5.782593655,39.70588235,2,0,0,0.181818182,1.431818182
23,36,2.187520722,1124,-109.03573,-0.802962047,6.117722679,9.072364833,8.022736242,10.87093707,100,11.8,9.01,0,1,0.863636364
24,49,2.357934847,1586,-118.715833,-0.830113036,2.209372711,5.346631227,7.395184325,6.261873291,35.23809524,16,0,0,0.590909091,1.5
25,47,2.390935108,1532,-117.485278,-1.055552799,3.798630318,6.334699579,6.86321283,6.297845697,61.90476191,13,0.83,0,0.772727273,1.5
26,43,2.071882006,1864,-115.703611,-0.572701027,2.810606789,5.102302483,8.478510676,5.757323242,29.80769231,12.4,0,0,0.863636364,1.5
27,82,1.968482948,1740,-118.72987,-0.035627178,1.091923301,2.066862759,6.533805701,3.202746443,10.47619048,13.5,0,0,0.181818182,0
28,27,1.819543936,772,-120.92748,0.614103973,4.122283931,2.066862759,5.331844536,4.613138356,4.761904762,8.8,0,0,0.045454546,0
29,56,1.812913357,1465,-121.166111,0.008959741,1.838961071,2.341805806,5.861210635,3.42751469,5.769230769,6.9,0,0,0,0
30,55,1.531478917,825,-121.495278,0.97418221,1.93441577,2.163323026,4.366464393,2.884800713,0,11.4,0,0,0.045454546,0
31,54,2.296665189,2250,-110.199722,-0.49265832,5.703048872,3.299533728,8.289956362,5.248601774,19.04761905,24.2,6.1,0,0.863636364,0.765177273
32,33,2.84757266,1818,-114.1774,-0.820980552,6.035170379,7.724800096,8.355190364,6.419994928,100,16.6,0.06,0,1,1.5
33,19,3.74358815,232,-121.101389,-0.755022584,3.331847304,5.433722004,8.345652894,6.045005314,97.89473684,5.5,98.24,0.89,0.681818182,1.06672
34,56,2.856124443,129,-120.193611,-0.772190388,3.666889436,7.475169154,8.513365877,8.45209985,13,23.7,3.16,0.71,0.727272727,0
35,34,3.30706795,657,-99.3655,-0.505838082,6.307150816,6.946687489,8.698141139,8.57975476,74.03846154,25.5,74.59,0.47,0.045454546,0.204545455
36,43,2.584331223,169,-123.45342,1.126227456,1.255616037,3.887730313,6.135436488,3.122364924,14.28571429,9.2,0.05,0.08,0,0
37,61,2.322219295,75,-123.58942,0.753771802,1.788420568,4.970507503,6.202768577,3.860729711,65.71428571,17.5,0,0.03,0.272727273,0
38,51,1.924279286,1225,-118.72535,-0.350976923,2.242835089,2.541601993,6.977623126,3.828641396,22.85714286,19.4,0,0.01,0,0
39,56,1.518513941,926,-120.9786,-0.220646671,3.631779862,2.778819272,6.342837711,1.193922468,37.14285714,8.5,0,0.01,0,0.060609091
40,55,2.143014801,2427,-115.085,0.108854405,0.457424847,1.568615918,6.042359637,2.240709689,20,10.1,0,0,0.083333333,0
41,16,1.740362688,2048,-114.53681,-0.221894332,3.25617161,2.451005098,6.747283664,4.434381865,20.95238095,9,0,0,0.5,0
42,49,2.267171728,1382,-114.56456,-0.52256088,1.319085611,2.370243741,5.601972743,3.421000009,33.33333333,9.9,0,0,0,0
43,58,1.740362688,1383,-122.20408,0.63286625,1.940179474,2.397895273,5.478236039,1.568615918,5.714285714,6.4,0,0,0,0
44,59,2.220108088,1234,-121.44194,-0.050241216,0.657520003,3.17805383,5.921422268,1.386294361,27.61904762,11.9,0,0,0,0
45,62,1.86332286,1385,-119.2195,-0.638658995,3.050220459,2.90690106,8.246658135,5.47478851,85.71428571,19.2,0,0,0.727272727,1.068181818
46,34,2.787460474,854,-100.040278,-0.746547957,5.406857821,3.711130063,7.980070402,4.065602093,96.15384615,15.4,0.84,0,0.954545455,1.310613636
47,44,2.303196056,18,-124.59939,0.976067936,0.871293366,5.206750173,5.956228485,3.194583132,76.19047619,13.1,0,0,0.272727273,0
48,61,1.698970003,1005,-120.998611,1.120699885,0.993251773,1.360976553,4.46112659,3.077312261,1.904761905,9.9,0,0,0.818181818,0
49,63,3.094121596,112,-122.4367,0.555607767,1.578978705,5.150976779,6.581682137,5.015291106,14.28571429,14.8,0,0,0.045454546,0
50,55,2.149219113,2719,-109.4873,-0.19723217,1.874874376,2.970414466,6.156958863,3.414442608,24.76190476,11.6,0,0,0.318181818,0
51,69,1.72427587,723,-123.640556,1.06884013,2.674838067,3.265759411,7.151012782,4.770684624,5.714285714,13.7,0,0,0.045454546,0
52,57,1.991226077,89,-124.060278,0.32570014,1.00795792,6.225943608,7.222837515,5.538121359,40,12.9,0,0,0.090909091,0
53,69,2.611723309,1986,-107.27507,-0.289016295,5.669674005,4.072439727,7.781605207,6.908155199,23.76237624,22.9,2.14,0,0.909090909,1.5
54,43,2.74272513,2060,-117.024444,-0.767870727,2.693274916,5.16706908,8.029314148,6.000672028,12.37113402,12.9,0,0,0.454545455,1.5
55,61,2.342422682,769,-119.90937,-0.763569645,4.017463518,4.136765278,8.167190648,3.708682081,35.23809524,18.9,0,0,0.454545455,1.454545455
56,63,2.23299611,925,-119.54309,-0.877070019,2.289499853,3.39785848,7.649090522,2.90690106,71.57894737,14.6,0,0,0,1.454545455
57,60,2.164352856,2981,-110.4224,-0.06400533,4.177152673,2.104134154,5.113143746,3.577947893,3.80952381,13.4,0.15,0,0,1
58,40,2.281033366,1916,-113.408333,-0.673344553,2.926917958,5.410305868,8.062330044,4.56017282,83.80952381,7.7,0,0,0.227272727,1.431818182
59,35,2.557507202,2129,-106.254444,-0.481266822,3.671733295,4.733563401,8.096516573,6.129703591,40.95238095,10.2,0,0,1,1.5
60,44,2.484299839,2254,-106.312778,-0.731888009,4.400357591,4.421247348,8.209700134,8.114324709,48.57142857,21.6,2.42,0,0.818181818,0
61,48,2.117271296,1916,-109.383333,-0.216913002,4.026957544,1.871802177,6.63516238,3.258096538,11.42857143,9,0,0.04,0,0
62,39,1.544068045,548,-121.33997,1.240690387,5.300015923,3.068052935,5.54083142,4.365643155,14.28571429,8.9,0,0.02,0,0
63,49,2.670245853,607,-118.77983,-0.200892942,11.64267932,7.322047976,7.545680405,7.416679095,38.0952381,20.4,18.12,1.85,0.227272727,0
64,31,3.096910012,262,-97.4866,-0.770028225,7.093736797,6.325791627,8.397698592,8.68280932,98.0952381,27.4,91.63,0.33,0.590909091,0.80305
65,16,2.491361694,1484,-110.59039,-1.038458366,10.4605962,10.52048776,8.267213487,8.395138545,100,26.5,0.3,0.26,1,1.424245455
66,9,3.232487866,1404,-103.804167,-0.865122445,8.596211374,4.625952725,7.286987359,8.398229459,42.52873563,20.9,2.82,0.23,0.909090909,0
67,40,3.242541429,375,-96.939167,-0.612489278,2.899771882,5.086978861,8.572951838,9.025250988,52.38095238,20.8,79.7,0.12,1,1.5
68,30,2.298853076,1708,-108.326389,-0.529329095,8.456546819,5.585374244,8.146331944,8.129793909,48.93617021,9.6,2.19,0.11,1,1.363636364
69,51,2.459392487,1661,-116.911944,-0.108699417,2.775085602,4.062165664,6.971890345,4.942356453,22.85714286,9.7,0.03,0.04,0,0
70,66,2.100370545,1390,-118.42878,-0.322963887,4.761660983,2.687847494,7.007125557,5.10533923,20,14.2,0,0.02,0,0
71,58,1.380211241,1081,-119.676389,-0.394525168,3.217274544,4.661550519,8.161391419,8.25901814,10.47619048,13.1,0,0.01,0.045454546,0
72,42,2.600972897,1162,-116.1561,0.764537177,3.257711849,1.824549292,4.588725714,3.61361697,0.952380952,7.5,0,0,0.045454546,0
73,44,1.924279286,2049,-111.25428,-0.479650006,1.383791231,2.76000994,8.167251874,5.879694646,7.619047619,8,0,0,0,0
74,41,2.096910014,749,-120.15535,-0.850971266,3.713572067,4.674696249,8.290525688,5.231108617,71.42857143,14.3,0,0,0.875,1.416666667
75,44,2.008600173,875,-120.17442,-0.742337425,3.105035008,4.615120517,8.413202733,6.665556321,38.0952381,15.2,2.73,0,0.181818182,1.5
76,35,2.795880017,642,-119.63725,-0.906340401,2.853015971,4.928701911,8.100401329,5.11679549,34.28571429,12.7,0.03,0,0.409090909,0.6667
77,44,2.856124443,951,-103.90376,-0.780886095,5.704781975,6.354022154,8.437234847,10.09785707,94,23,18.8,0,0.409090909,1.5
78,76,1.556302501,781,-120.718333,0.051643233,2.048982334,1.987874348,6.131739401,2.240709689,27.61904762,10.7,0,0,0,0
79,53,1.86332286,1083,-117.75771,0.209450224,0.667829373,2.63188884,8.064892845,4.355425953,30.47619048,6.4,0,0,0,0
80,45,1.698970003,2328,-110.671111,0.07881118,4.82350218,2.564949357,7.863628966,6.429719478,2.884615385,11.4,0,0,0.090909091,1.5
81,70,2.093421685,1677,-118.78612,-0.301105093,1.247032294,2.397895273,5.909815133,2.197224577,5.454545455,10.5,0,0.03,0.125,0.694475
82,55,1.176091259,1115,-123.739722,0.802449915,0.148420005,3.443618098,4.979743003,2.32238772,34.28571429,12.4,0,0,0,0
83,56,1.653212514,490,-123.607778,0.762206716,2.541601993,5.625099953,8.134073064,3.841600541,10.47619048,17.3,0,0,0.045454546,0
84,48,2.888179495,2405,-116.48406,-1.120857898,1.726331664,5.245970886,7.08765808,5.153291594,40,11.6,0,0,0,1
85,46,2.093421685,716,-118.529722,-0.869884359,3.945264339,7.394984689,8.377728292,8.056838858,14.28571429,10.9,0.83,0.57,0,0
86,49,2.474216264,1561,-105.2,-0.403467105,6.320462492,4.914124394,7.358527663,7.104226259,41.6,21,0.74,0.39,0.076923077,0
87,35,1.612783858,612,-120.65278,-0.132389188,5.020585625,3.487375078,7.498041651,4.177459469,10.47619048,14.5,0,0.34,0.545454546,0
88,46,2.966610986,685,-101.92956,-0.869884359,8.03807939,5.890538629,8.838136185,9.936985189,75.23809524,19.1,81.06,0.2,1,1.015163636
89,30,3.176958981,776,-102.8134,-0.936493439,8.21037451,5.905906659,9.598208611,9.509496367,69.23076923,17.4,3.28,0.04,0.954545455,1.287881818
90,68,1.892094603,1010,-116.24657,-0.140412154,2.056684555,3.377587516,6.736214599,7.278076685,56.25,9,0,0.01,0.090909091,0
91,57,1.880813592,1177,-115.219444,0.332894415,3.39182022,1.360976553,7.318381711,3.688879454,16.19047619,9,0,0.01,0,0
92,50,2.053078442,1213,-109.49351,-0.544727175,7.98889243,5.095589,8.155141864,4.805659047,23.80952381,24.1,0,0,0.090909091,0.454568182
93,53,2.762678563,374,-122.610833,0.197210169,4.134846506,9.299120184,8.275687839,4.946629964,16.19047619,22.4,0,0,0,0.090909091
94,65,1.845098039,554,-122.488889,0.765002618,2.963725477,2.292534757,6.148303752,5.616771098,2.857142857,13.7,0,0,0.136363636,0
95,76,1.748188026,334,-123.9975,0.521171916,0.904218151,4.935193099,7.413008955,4.452019006,6.666666667,13.2,0,0,0,0
96,59,1.875061262,1263,-122.803611,0.141499562,3.229222117,5.536940489,6.448128857,3.446807893,0,16,0,0,0.045454546,0
97,49,1.995635195,1807,-112.881111,-0.294371061,4.515683019,2.066862759,7.407200148,4.370712875,23.07692308,11.9,0,0,0.045454546,0
98,40,3.236285278,784,-102.89902,-0.88673193,6.597527621,5.547908088,8.788373099,10.25241758,61.90476191,22.9,70.41,0,1,0.613636364
99,49,2.432969291,1464,-119.85305,-0.980829253,3.396854632,4.856706812,6.625841869,5.019925341,66.66666667,12.5,0,0,1,1.5
100,35,3.166726055,804,-102.23158,-0.825536369,6.468862645,5.490176628,8.588135788,6.639745106,86.66666667,24,15.09,0,0.818181818,1.462122727
101,31,2.320146286,1737,-103.79325,-0.230671818,2.474014209,4.536891345,8.339647094,4.300002799,39.42307692,15.3,0,0,0.681818182,0
102,69,1.897627091,1175,-117.481389,-0.263965546,3.017004409,2.90690106,6.735386825,2.954910279,0.952380952,7.7,0,0,0,1.5
103,62,2.376576957,2065,-106.70766,-0.54818141,4.004419855,4.154184563,7.79759895,5.197944392,40.95238095,12,0,0,0.227272727,1.159090909
104,59,1.903089987,923,-121.101389,0.973049066,2.18492705,2.653241965,5.231490639,3.811097087,0.952380952,7.1,0,0,0,0
105,47,1.643452676,1517,-122.407778,0.099845335,1.621366483,1.774952351,7.350749285,2.302585093,4.761904762,12.7,0,0,0.045454546,0
106,55,2.139879087,1801,-110.78867,-0.061875404,3.048798994,2.58021683,8.002175488,5.430660554,13.33333333,10.3,0,0,0.363636364,0.674245455
107,43,3.216165901,312,-97.38293,-0.705219762,5.208337953,4.648229675,8.802343411,8.938820321,98.0952381,21.7,97.13,1.09,0.863636364,0.969713636
108,29,2.989449818,542,-101.24902,-0.858021824,8.923250124,5.367843429,8.744620196,9.061759154,86.66666667,17.6,61.12,0.74,0.909090909,0.727309091
109,56,2.399673722,1138,-103.325,-0.597837001,6.068008835,5.755425708,7.79176246,6.191134742,4.761904762,16,2.01,0.63,0.136363636,0
110,19,2.816903838,1221,-103.3661,-1.262308381,4.833659424,8.335191583,8.483036021,10.69961316,85.4368932,21.7,24.24,0.62,0.454545455,1.590913636
111,68,2.428134794,1355,-103.4176,-0.588787165,5.970215374,5.922650231,7.745286371,6.150815965,28.57142857,19.8,2.09,0.62,0.590909091,0
112,41,3.231979025,2430,-109.15069,-0.458865885,3.725452434,4.55492897,8.638701906,2.681021529,100,21.8,2.04,0.41,0.954545455,1.431818182
113,47,1.785329836,2033,-110.81325,-0.19723217,2.826129489,3.899950424,7.635359923,4.223909767,4.761904762,12.5,0,0.25,0,0
114,39,2.397940009,890,-111.26927,-0.536143432,7.14703986,8.826367639,8.096205552,5.097424424,26,29.1,0.06,0.17,0.363636364,0.545454546
115,11,2.875061263,728,-102.163611,-0.862749965,9.193754585,5.530222424,8.180944432,7.565378903,84.76190476,24.6,9.46,0.08,1,1.363636364
116,44,2.149219113,1168,-116.587778,-0.328504067,4.08311508,6.860034543,7.341124099,7.414813816,56.19047619,12.1,0.3,0.03,0.272727273,0
117,55,1.770852011,641,-120.98036,0.512224645,5.91668712,3.624340933,7.175846957,5.111385197,15.23809524,14.9,0,0.02,0.272727273,0
118,56,2.352182517,2041,-110.03366,-0.286349627,6.258395292,2.468099531,5.768155357,4.302712828,4.761904762,16.6,0.05,0.02,0.045454546,1
119,62,2.255272504,428,-123.193056,-0.086647807,4.248638089,4.470495283,7.663922257,4.394449155,10.47619048,19.5,0,0.01,0.681818182,0
120,57,1.380211241,1057,-121.54788,0.080657903,2.219203484,3.039749159,6.132782014,1.609437912,13,4.5,0,0.01,0.090909091,0
121,63,1.707570175,889,-120.982778,0.740030766,3.595118074,2.341805806,5.057582491,3.650658241,6.666666667,10.6,0,0.01,0,0
122,65,1.819543936,2460,-109.32201,-0.243346259,1.943048917,3.039749159,6.880047952,3.226843995,4.761904762,13.3,0,0,0,0
123,45,1.959041392,2371,-109.21598,-0.489390343,3.629394807,3.505557397,6.865075309,4.615120517,44.76190476,10.6,0,0,0.636363636,0.383335
124,65,2.123851641,1210,-109.19103,-0.599656837,7.361095847,6.946687489,7.931087473,5.916202063,22.85714286,28.5,0,0,0.363636364,0
125,66,2.240549248,568,-123.399444,0.297879897,2.246014742,3.696351469,8.031991779,5.38357721,5.714285714,13.1,0,0,0,0
126,47,1.991226077,1501,-121.728056,0.418710335,2.810004924,1.916922612,6.007812164,0.741937345,0,15.3,0,0,0.181818182,0.136363636
127,4,2.726727208,652,-103.63652,-0.975510092,9.760794318,5.105945474,8.207812327,8.978874788,66.66666667,25.1,16.94,0.03,0.272727273,1.5
128,51,2.907948521,606,-102.19245,-0.84629836,6.838298014,4.967031657,8.181970773,8.523195144,61.90476191,23.6,45.65,0.77,0.772727273,1.5
129,62,2.359835483,10,-123.73346,1.037091432,1.62924054,5.172187089,5.479634252,4.989071116,51.42857143,15.2,0,0.02,0,0
130,51,2.107209969,1807,-112.2075,-0.398986142,3.917607384,2.451005098,6.597123874,5.005957705,36.19047619,13.2,0,0.01,0,0
131,63,1.959041392,1764,-122.51875,-0.157824085,1.486139696,4.085976313,7.582080431,2.954910279,7.826086957,9.4,0,0,0.038461539,0
132,75,1.681241237,1194,-121.721944,0.320633173,5.029129877,2.197224577,7.004269279,1.960094784,6.666666667,9.2,0,0,0.272727273,0
133,65,1.973127854,544,-122.956111,0.073250462,4.984565066,5.96409335,7.96923148,5.435467205,12.38095238,19,0,0,0.045454546,0
134,63,1.518513941,1039,-122.820278,0.354873322,0.91228271,4.310799125,7.866980424,4.14472077,3.80952381,12.6,0,0,0.045454546,0
135,41,1.880813592,3470,-106.68959,0.293415604,0.727548607,1.504077397,5.869542646,2.76000994,4.545454546,7,0,0,0.916666667,0
136,40,2.35410844,1928,-113.20299,-0.346724613,3.780090334,4.128745989,6.165386866,3.673765816,56.19047619,6.3,0.01,0,0.545454546,1
137,67,2.296665189,1289,-119.33692,-0.707246105,5.095772694,4.728272383,8.330131179,6.337710296,11.42857143,19.8,0,0,1,1.5
138,68,2.107209969,1673,-118.54965,-0.260066905,1.830980182,2.687847494,6.136588357,2.734367509,23.80952381,15.1,0,0,0,0
139,75,1.72427587,790,-122.27953,0.764071519,1.043804052,2.954910279,5.579710439,2.360854001,5.263157895,10.4,0,0,0,0
140,44,2.158362493,1634,-103.662778,-0.265268478,3.464797963,4.85903691,8.052516469,4.895598484,12.38095238,15,1.96,0,1,1
141,62,1.819543936,2276,-110.475556,-0.249744233,5.53057922,3.265759411,8.012692301,7.0914925,13.33333333,10.4,0,0,0.636363636,0.484868182
142,42,2.276461803,1532,-106.723056,-1.03563749,5.405735763,6.267579983,7.946978185,10.39002561,84.76190476,21.6,0.01,0,1,1.363636364
143,40,2.658011397,1849,-109.35198,-0.634878272,7.067217542,4.763028271,7.834251789,4.716711561,58.0952381,24.6,1.16,0.69,0.954545455,1.401518182
144,51,2.004321375,317,-123.980278,0.592221262,4.146304301,5.047931079,7.418879511,5.166498792,6.666666667,17,0,0.01,0,0
145,66,3.21510858,986,-119.208056,-0.541284831,2.96784707,3.864931398,8.160328229,6.208187531,17.14285714,13.1,0.09,0.01,0.318181818,0
146,49,1.612783858,1698,-118.38238,-0.15665381,1.81319475,2.163323026,5.97031241,5.321545493,43.80952381,7.6,0,0.01,0.409090909,0
147,65,2.322219295,2378,-109.10664,-1.016111067,3.845669505,4.021773869,7.941471649,4.302712828,35.23809524,14.9,0,0,0.090909091,0.916668182
148,27,1.869231721,883,-112.07993,-0.590590592,5.15068705,4.410371108,8.072726836,4.851248709,23.80952381,21.9,0,0,1,0
149,47,2.611723309,2520,-109.31927,-0.345311185,4.777020443,3.538056564,7.073968849,4.262679877,14.28571429,18.4,0,0,0,0
150,62,1.959041392,397,-118.772778,-0.675307262,4.455393261,5.328846572,8.21330748,9.135562945,25.71428571,18.2,0.04,0,0.318181818,0
151,57,2.017033339,2309,-119.342778,-0.338273859,3.233567374,2.701361213,7.342769481,2.708050201,20.95238095,14.5,0,0,0,0
152,58,1.579783597,180,-123.881389,0.537077995,2.967332799,4.795790546,6.683659184,3.758871826,9.523809524,15.1,0,0,0,0
153,59,2.40654018,2066,-107.29095,-0.234457311,5.457412943,3.360375387,7.587110283,5.868449096,21.90476191,15.4,0.64,0,0.545454546,0.750022727
154,55,2.330413773,1473,-116.95473,-0.019182819,1.93441577,2.827313622,7.421669927,5.535758223,11.42857143,9.7,0,0,0,0.954545455
155,44,2.11058971,1806,-112.382778,-0.436955775,4.054216771,2.602689685,6.874767348,5.916202063,17.14285714,8.8,0,0,0,0
156,46,2.485721427,1753,-112.30923,-0.555125883,3.141994781,4.347693956,8.137574283,6.368873057,41,12.5,0.84,0,0.772727273,1.431818182
157,55,1.897627091,1514,-119.25261,-0.592397277,2.582486978,3.339321978,7.545774982,4.454347296,16.66666667,11,0,0,0.045454546,1.5
158,67,1.880813592,1430,-118.377029,-0.398986142,1.486139696,2.517696473,7.271824248,5.083885756,15.23809524,19.7,0,0,0.590909091,0
159,57,2.374748345,1211,-119.34993,-0.301105093,3.659450643,2.564949357,7.049915122,2.014903021,2.857142857,15.5,0,0,0.136363636,0.606090909
160,56,2.257678575,2914,-109.722222,-0.332679438,3.535145354,2.140066163,4.889408837,3.538056564,3.80952381,9,0.06,0,0.136363636,1.530304546
161,66,2.477121256,477,-122.521389,0.733809162,0.385262401,3.899950424,6.148154144,2.797281335,1.904761905,10.1,0,0,0,0
162,49,1.662757831,675,-121.79269,0.912684236,3.518980417,2.797281335,5.774437383,4.487512143,2.857142857,12.3,0,0,0,0
163,40,1.672097857,806,-120.77602,0.412771683,1.036736885,1.960094784,5.028061955,4.007333185,6.666666667,7.7,0,0,0,0
164,46,1.255272504,1118,-120.82736,0.11867153,1.353254507,1.609437912,6.302648541,4.25561271,5.714285714,6.2,0,0,0.5,0
165,52,3.110252918,710,-101.928611,-0.872273846,7.04582013,6.797717174,8.876888111,9.363782229,57.14285714,26.9,46.41,0.17,0.909090909,1.5
166,43,2.245512668,1646,-112.49504,-0.240798487,1.627277831,2.4765384,8.227093742,4.127134385,20.95238095,7.5,0,0.09,0.5,0.954554546
167,44,2.201397124,3197,-106.56747,-0.449416996,2.580974119,2.341805806,6.568063866,3.321432413,0.952380952,8.3,0.02,0,0,1.136368182
168,63,2.127104797,36,-122.2475,0.028587457,3.047375507,6.184355055,7.228157159,6.487227293,35.57692308,15.2,0,0.53,0,0
169,44,2.720159303,808,-101.71777,-0.802962047,4.291007236,5.211124155,8.668826649,5.920237038,94.28571429,22,16.27,0.5,0.909090909,2.1667
170,45,2.618048097,907,-103.17129,-0.578034373,5.824080863,6.162050848,8.102667074,9.313970391,83.80952381,22.8,9.26,0.39,0.772727273,1.5
171,21,3.07408469,574,-99.181111,-0.504181081,6.790457126,5.635146682,8.043375806,8.693412836,94.28571429,24.6,73.18,0.31,0.363636364,1.5
172,27,2.698970003,1259,-103.377,-0.906340401,9.112392316,6.890914262,8.111801581,10.06181521,53.33333333,15.3,1.92,0.16,1,1.5
173,44,3.517855419,399,-98.05848,-0.671385689,6.390559408,6.370072201,8.522832859,9.617344296,100,21,76.64,0.12,1,1
174,48,2.499687082,2861,-111.29829,-0.373966441,0.593326845,3.222867846,8.264066865,4.871373227,41.90476191,10.2,0,0.05,1,1.5
175,45,2.252853032,1275,-109.521389,-0.811930717,5.260044204,6.42745886,7.726662042,7.347364132,21.90476191,17.3,0.34,0.04,0.090909091,0
176,68,2.240549248,1223,-118.57732,-0.400477567,6.020222058,3.104586678,6.975815716,2.734367509,27.61904762,18.2,0.64,0.01,0.954545455,1.5
177,49,1.77815125,261,-116.548889,-0.85566611,3.109060959,4.496470769,7.817563042,5.983432375,34.28571429,18.3,0.27,0,0,0
178,61,2.257678575,538,-123.815278,0.651804217,2.60194867,4.713127327,6.514906263,4.857484115,0.952380952,14.6,0.13,0,0,0
179,60,2.542825428,13,-124.180833,0.796605889,3.157000421,4.80073697,5.929140873,4.21508618,5.714285714,12.4,0,0,0,0.409090909
180,53,1.995635195,1097,-116.73369,0.300845059,3.630455534,1.435084525,4.349606743,2.459588842,0,9.5,0,0,0.181818182,0
181,38,2.720159303,2036,-119.011389,-0.889162064,0.530628251,5.39997102,6.837016241,5.011301739,52.38095238,27,0,0,0.863636364,1.5
182,56,1.826074803,889,-122.11568,0.602675277,0.90825856,2.687847494,6.204971295,1.252762968,5.454545455,9.8,0,0,0.083333333,0
183,67,2.176091259,936,-120.93914,0.154436353,3.345684672,2.954910279,6.819609077,4.14472077,1.904761905,9.5,0,0,0.318181818,0
184,66,1.633468456,440,-122.481667,0.856116009,3.11750733,3.387774361,5.521004814,3.572345638,6.666666667,7.6,0.02,0.08,0,0
185,34,2.127104797,1864,-113.44401,-0.25489225,3.601958982,2.517696473,5.559064543,4.091005661,50.47619048,8.1,3.24,0.05,1,1
186,7,3.544068043,705,-103.5468,-0.978166136,9.682975536,5.355642433,8.393164844,9.079354309,71.42857143,23.7,17.18,0.01,1,0.33335
187,55,2.322219295,1889,-109.11079,-0.410980289,3.096029995,4.294560609,7.833143768,3.678829118,12.38095238,18.2,0,0,0,0
188,81,1.85125835,2003,-119.110278,0.001998003,3.371425223,2.066862759,5.305288015,1.30833282,15.23809524,20.6,0,0,0.272727273,0
189,66,1.845098039,1112,-123.130833,0.347129531,1.44926916,1.360976553,7.668488675,4.630837933,9.615384615,14.9,0,0,0.045454546,0
190,59,1.982271234,512,-123.569167,0.8603551,3.770920164,3.210843653,6.565237931,2.939161922,0.970873786,13.3,0,0,0,0
191,46,2.255272504,3032,-105.62576,0.203756838,2.332143895,1.722766598,4.247051343,3.342861805,16.66666667,8.2,0,0,0,0
192,49,2.503790684,1620,-112.145556,-0.317454231,2.379546134,4.587006215,8.096446375,5.56719881,38.0952381,22.3,1.13,0,0.590909091,1
193,59,1.959041392,1999,-115.22807,-0.238257189,3.628864022,2.862200881,7.024610773,4.881285622,15.23809524,13.7,0,0,0,0.68185
194,30,2.225309282,1917,-116.3475,-0.95191791,2.419478844,3.529297384,6.942295028,5.13990763,11.53846154,14.5,0,0,0.863636364,1.5
195,32,2.856728891,882,-103.617222,-0.972861083,5.27371725,4.984291319,9.234210793,8.559256016,78.0952381,17,1.33,0,1,1.5
196,56,2.437750564,2972,-110.08761,-0.209487225,3.872242135,2.292534757,5.016498074,3.46885603,8.571428571,11.1,0.03,0,0,1
197,33,3.006037956,262,-97.57475,-0.767870727,5.9821715,7.07530155,8.59646046,8.198116766,99.04761905,21.3,93.55,0.34,0.318181818,1.454545455
198,48,1.90848502,1149,-118.085,-0.211956362,1.383791231,4.869839484,8.20388092,5.234312037,12.38095238,16.5,0,0.28,0.136363636,0
199,28,2.860338007,442,-98.0425,-0.789658081,4.619960271,6.710644905,8.13895246,8.764256374,15.23809524,26.2,95.89,0.17,0.545454546,0
200,6,3.182699904,951,-111.59368,-1.197328262,8.207412738,5.611667186,7.783017373,7.891928933,72.38095238,19,0.21,0.07,0.954545455,0
201,60,2.041392686,371,-119.076111,-0.427710717,3.889163711,4.684905154,8.031235618,8.158945583,2.857142857,15.6,0.06,0,0.045454546,0
202,48,1.763427995,3018,-107.02059,0.12398598,3.293983297,2.424802726,5.563351142,6.190725158,6.666666667,12.1,0.01,0,0.454545455,0
203,49,2.262451091,1356,-111.99713,-0.755022584,3.239070532,2.517696473,6.428676153,5.187944309,33.33333333,12,0,0,0.181818182,1.242427273
204,63,2.471291711,2129,-107.332778,-0.149660775,4.073971772,4.365643155,7.980649338,4.38949865,24.76190476,13.5,4.99,0,0.954545455,1.5
205,59,2.496929647,1481,-116.85546,-0.07364654,1.451613827,2.624668592,6.005337866,2.360854001,5.714285714,9.8,0,0,0,0
206,39,3.169674433,1284,-112.153056,-0.957112726,2.341805806,8.417262353,8.652416265,6.321667171,100,16.4,53.83,0.36,0.909090909,1
207,52,2.50242712,560,-122.932222,0.121332285,4.740225417,5.033048889,7.262899953,4.399375273,6.666666667,18.2,0,2.13,0.227272727,0.030304546
208,42,2.252853032,1974,-104.845,-0.597837001,4.059925635,4.85903691,7.014931751,6.594960506,45.19230769,15.1,0.31,1.48,0.045454546,0
209,49,2.320146286,538,-117.258889,-0.273121921,3.070839746,5.86533427,8.086567841,6.012981391,40.95238095,17,0.01,0.83,0.090909091,0
210,12,3.976854145,385,-97.458333,-0.505838082,5.654627244,6.311916281,6.68711955,10.18261438,100,21.9,90.1,0.6,1,1.5
211,39,2.939519254,611,-101.49706,-0.874669057,8.350217286,5.739149618,8.56757447,9.858155403,42.85714286,23.3,67.68,0.15,0.727272727,0.636390909
212,45,2.97634998,628,-101.83905,-0.88673193,9.125561048,5.785362462,8.843718051,9.453694311,49.03846154,28.4,42.14,0.13,1,1.41667
213,51,2.414973348,761,-119.41316,-0.848632083,6.289270203,4.001863709,7.786399386,3.80666249,7.228915663,25.5,10.1,0.03,0.772727273,1.5
214,47,2.96848295,1065,-109.19751,-0.800732391,9.203867468,7.146457169,8.137627675,7.662373782,81.90476191,23.2,0.53,0.02,0.545454546,1.5
215,65,1.653212514,901,-120.988611,0.744790414,3.553918469,2.517696473,5.502335181,3.856510295,11.42857143,8.8,0,0.01,0,0
216,59,2.021189299,2514,-118.759722,-0.277071893,3.42816383,1.774952351,5.316977184,2.32238772,6.666666667,15.6,0,0,0.090909091,0
217,60,1.819543936,1152,-113.879722,0.169742775,3.753027274,2.104134154,7.040902348,3.749504076,22.11538462,11.4,0,0,0,0
218,36,3.03702788,766,-103.56338,-0.928869514,6.549679354,5.493472881,8.840252458,10.62170288,66.66666667,15.1,37.97,0,1,1.227272727
219,22,3.560623874,1113,-102.609167,-0.95191791,10.5614357,7.818349818,8.723970934,10.58128757,93.1372549,20.1,4.64,1.4,0.590909091,0.6667
220,44,2.68663627,1412,-119.705278,-0.334075112,7.75329302,5.970751506,7.926154809,7.301417675,63.10679612,20.6,6.26,1.24,0.363636364,0.393959091
221,38,2.646403727,993,-103.15437,-0.634878272,6.312351679,6.155494834,8.247267209,8.857870859,40.95238095,23,2.78,0.92,0.136363636,1.015159091
222,69,2.107209969,1838,-104.972222,-0.695149183,5.228752903,5.750984076,7.654976295,7.334720919,48.57142857,22.7,5.28,0.41,0.818181818,1.5
223,47,2.922206276,1717,-115.67,-0.936493439,7.280648985,6.332746626,7.797291274,6.887756632,55.23809524,19.5,4.43,0.24,0.818181818,1.5
224,49,3.532754379,479,-99.59309,-0.848632083,7.111112363,6.688230173,8.756897882,9.483157507,85.71428571,16.4,50.2,0.18,1,0.6667
225,28,2.69372695,2246,-109.11306,-0.996958635,4.487174628,6.413622878,8.623776679,6.769986349,86.66666667,16.6,0,0.12,1,0.310609091
226,35,2.561101384,549,-118.23,-0.318828801,5.491578863,5.502889532,8.267622499,6.682609725,21.90476191,17.8,0.01,0.09,0.363636364,0
227,34,3.056523723,747,-102.5968,-0.936493439,8.30459138,6.256709274,9.512288077,9.968966257,53.84615385,29,3.58,0.06,1,1.272736364
228,55,2.456366032,540,-118.18059,-0.358104537,3.610377226,5.387243576,8.271059889,5.549465114,16.19047619,16.3,0.02,0.01,0,0
229,66,2.000000001,1274,-122.9178,-0.019182819,1.809926773,2.104134154,5.744165973,1.686398954,0.952380952,10.8,0,0,0,0
230,67,1.90848502,989,-120.543889,0.21993842,3.336481067,3.514526067,6.296191772,3.758871826,15.23809524,18.7,0,0,0,0
231,59,2.404833718,1058,-116.61914,-0.432322562,3.317453388,2.740840024,6.514391158,2.797281335,24.76190476,11,0,0,0.818181818,1.053031818
232,65,1.806179973,2015,-114.44525,-0.230671818,1.800058272,1.62924054,6.953627858,4.039536326,19.23076923,7,0,0,0.136363636,0
233,67,2.627365857,1317,-118.41064,-0.414001439,3.898937766,3.317815773,7.106623351,1.648658626,42.26804124,13.6,0,0,0,1.5
234,68,1.653212514,1434,-119.17495,-0.570929548,2.415020522,1.504077397,8.191042464,5.381738975,33.66336634,9.2,0,0,0,0
235,75,2.871572936,155,-123.717281,1.309683259,0.173953307,4.69501089,6.147108397,4.17438727,35,12.9,0,0,0,0
236,64,2.170261714,1130,-119.45251,-0.489390343,3.236715743,2.939161922,6.927710571,3.645449896,13.33333333,16.4,0,0,0,0
237,39,2.725094521,1480,-107.436944,-0.650087691,4.071587575,2.2300144,8.314705335,4.276666119,60.95238095,11.3,0,0,0.454545455,0.6667
238,22,2.755112267,543,-101.80795,-0.84629836,7.327096993,5.012633297,8.710252228,8.939371191,91.42857143,25.7,42.08,0.66,0.863636364,1.060640909
239,61,1.944482671,654,-122.636111,-0.210721031,3.586292865,5.020585625,7.757696357,5.053694784,23.80952381,14.7,0,0,0.363636364,0
240,51,2.060697841,1174,-110.71565,-0.332679438,4.829033478,3.666122467,7.8933734,5.47436931,24.50980392,6,2.05,0,0.636363636,0.621231818
241,38,2.117271296,2288,-109.80229,-0.703197516,4.286341385,3.927896355,8.250661335,6.377746836,47.61904762,14.7,0,0,0,1
242,47,2.628388929,1407,-104.6275,-1.013352445,3.434309733,4.21508618,8.243727477,3.832979798,93.65079365,26.5,30.64,0,0,1.5
243,41,2.95472479,466,-96.511389,-0.457284857,6.245273085,6.657368991,8.292133878,7.907761964,34.28571429,20.5,95.55,1.23,1,1.598490909
244,37,3.293362555,283,-96.745556,-0.677273831,8.369861873,4.404277244,8.709296243,9.580717017,100,27,79.18,0.43,0.181818182,1.045472727
245,58,1.770852011,1355,-113.99451,-0.170788321,3.041661205,1.916922612,5.519659296,2.557227311,12.59259259,12.7,0,0.37,0,0
246,72,2.267171728,1295,-116.22571,-0.177931208,3.049746862,2.341805806,6.869706519,2.827313622,25.71428571,10,0,0,0.5,0.6894
247,68,1.740362688,756,-122.27986,0.894862784,-0.162518929,2.995732274,5.68729395,2.602689685,0,11.6,0,0,0,0
248,36,3.0523091,312,-97.540278,-0.68319685,6.119923723,6.123369618,8.523931071,8.892844932,95.23809524,25.7,95.64,0.57,0.590909091,0.6667
249,18,3.444669232,1558,-111.868056,-0.802962047,9.209450977,8.49580611,8.231176479,8.683453115,45.71428571,10.5,2.27,0.35,0,0.8788
250,58,2.041392686,647,-121.673889,-0.576253429,3.832979798,4.990432587,7.992845962,6.285439279,5.714285714,16.3,0,0.06,0.090909091,0.901522727
251,32,2.127104797,1402,-111.170556,-0.117658043,7.794254622,3.563882964,7.584407358,6.384013263,47.61904762,18.3,3.22,0.05,0.181818182,1
252,37,2.887054378,603,-101.01628,-0.816445397,5.637250858,4.767289035,8.874709441,7.209710011,57.14285714,19.1,47.42,0.03,0.272727273,1.037886364
253,43,2.320146286,154,-123.50137,0.235862324,5.785669634,5.384495063,5.968809838,3.034952987,38.0952381,18,4.6,0.02,0,0
254,49,2.661812687,2376,-111.57751,-0.223143551,5.298517347,4.339901708,7.418316031,3.897924081,26.66666667,12,0.2,0.01,0,0.42425
255,56,2.212187604,1047,-120.86765,0.239803992,3.136363403,2.862200881,6.544928595,3.387774361,1.052631579,9.8,0,0.01,0.227272727,0
256,67,1.991226077,506,-123.41309,0.491642804,3.846951009,3.17805383,6.973896889,3.113515309,1.904761905,15.3,0,0,0,0.181827273
257,70,1.991226077,1715,-122.529722,0.306749135,1.738710248,3.254242969,6.537133529,2.995732274,10.47619048,15.1,0,0,0.227272727,0
258,34,2.979548375,326,-98.07447,-0.816445397,8.979586687,6.064715009,8.296568715,8.4037557,62.74509804,24.5,71.49,0.4,0.636363636,0.121218182
259,62,1.819543936,1010,-121.65964,0.357674444,2.323367632,2.970414466,5.935145487,2.747270914,12,12.4,0,0.51,0,0
260,69,2.357934847,1375,-116.97444,-0.36672528,1.297463147,4.957234517,7.827232927,4.14472077,36.19047619,14.9,0.02,0.08,0,0
261,18,2.755112267,1102,-106.10215,-1.005121946,9.565948347,8.937179028,8.093413694,10.36437791,99.04761905,27,1.26,0.04,0.863636364,0.575772727
262,52,2.462397998,1380,-118.82789,-0.132389188,4.023385473,2.602689685,6.651063419,2.721295428,8.571428571,15.5,0,0.01,0.136363636,0
263,67,3.278296209,2215,-115.96684,-0.235722334,1.89009537,4.206184044,7.069596029,9.354665799,13.33333333,13.2,0,0,0.045454546,0
264,28,2.760422484,2221,-114.276667,-0.765717873,0.598836501,6.43422544,7.368152918,5.320567975,28.57142857,21,0,0,0.454545455,1.5
265,40,2.255272504,1875,-108.97902,-0.652005237,4.688591794,4.287715955,8.128376624,7.590751108,7.692307692,5.1,0.83,0,1,1
266,64,2.281033366,1231,-118.73584,-0.375420987,5.076110876,3.653252276,7.01037053,4.588024027,9.803921569,13,0,0.24,0.181818182,0.33335
267,66,2.184691431,230,-123.29801,0.872547809,4.879615032,4.790819533,5.94877362,3.6558396,26.66666667,15.5,0,0.03,0.045454546,0.363640909
268,69,2.344392274,258,-121.728611,0.038258712,1.208960346,5.455748374,7.82342862,6.473736363,9.523809524,14.6,0,0,0,0
269,75,1.903089987,575,-122.911111,0.24137632,4.26394668,5.153291594,7.81516423,4.909709376,2.857142857,12.3,0,0,0,0
270,57,2.127104797,658,-120.20966,-0.757152511,5.894843509,4.441474093,8.096843049,6.141822329,26.66666667,22.2,1.63,0,0.863636364,0.909090909
271,53,2.096910014,2699,-109.981944,-0.210721031,2.757475084,2.140066163,7.191922563,5.11559573,13.33333333,13.3,0,0,0.590909091,0
272,56,2.541579243,1753,-116.999167,-0.42617815,5.266104044,5.718014057,7.822536071,4.480740108,7.619047619,13.6,0.03,2.76,0,0
273,72,2.025305866,313,-123.74491,0.608678024,4.283448621,4.918520005,6.863264061,3.947390149,8.571428571,15.1,0,0,0,0
274,59,2.033423755,214,-124.04,0.661140384,1.909542505,4.97742316,7.261933484,6.003887067,5.714285714,13.9,0,0,0,0
275,38,2.658011397,1013,-106.16078,-0.796287939,6.176075149,6.253059285,8.891871699,10.63347762,92.38095238,9.4,1.74,0,0.954545455,1.25
276,43,1.544068045,1415,-118.51285,-0.294371061,3.413455279,2.587764035,6.554914404,2.261763098,11.82795699,13,0,0,0,0
277,63,1.892094603,1156,-119.81356,-0.369615455,4.578312732,3.025291076,7.68770802,2.681021529,6.666666667,13.5,0,0,0.25,0.047621429
278,47,2.840733234,883,-103.3443,-0.93140437,5.302757495,5.088830142,9.518741668,8.879862135,89.52380952,25.4,6.51,0,1,1.5
279,41,3.03702788,641,-102.13625,-0.869884359,8.246743125,5.926659324,8.431853144,9.345247068,39.04761905,23.5,73.71,1,0.818181818,1.840922727
280,43,2.220108088,1034,-120.11004,-0.791863153,2.501435952,4.428433007,8.180192295,3.6558396,91.42857143,14.1,0,0,0.5,1.5
281,30,2.127104797,437,-99.45147,-0.725670372,4.063369758,7.980263126,7.915742031,10.10601607,9.523809524,22,48.64,1.02,0.863636364,0.5
282,54,1.799340549,597,-119.40537,-0.474815186,4.009149716,4.445001434,8.103174808,8.788639169,5.714285714,21.5,0.06,0.13,0.090909091,0
283,57,1.643452676,1606,-114.52056,0.400117502,2.450142657,1.774952351,7.202461623,3.947390149,7.692307692,8.6,0,0,0,0
284,77,2.340444115,1203,-122.07407,0.807814256,-0.356674944,2.923161581,5.787125759,1.30833282,14.28571429,11.6,0,0,0.363636364,0
285,12,2.902546778,597,-100.7625,-0.763569645,8.188163987,4.168214411,7.960241729,5.986200717,98.05825243,23.9,23.18,0.1,0.227272727,1.5
286,31,2.658964842,1852,-111.043056,-0.515838166,6.260460619,7.218763177,8.23828917,8.058643712,8.571428571,10.2,0.12,0.11,0,1.6667
287,45,1.919078091,1021,-119.248889,-0.731888009,5.052416828,5.582367853,8.164869339,8.748193795,21.73913044,17.8,0.38,0.05,0.357142857,0
288,41,2.606381365,2194,-109.13311,-1.055552799,5.294108522,6.196647773,8.449691815,7.505932222,91.42857143,18.2,1.52,0.02,0.954545455,1.454545455
289,59,1.732393759,1172,-114.91584,0.053540767,4.786324395,2.140066163,5.714656471,2.493205453,8.571428571,13,0,0,0.136363636,0
290,37,2.238046104,1847,-109.52484,-1.22758267,4.765160922,5.567580853,8.64224221,8.042281537,26.66666667,17.4,0.07,0,1,1.5
291,50,1.949390008,222,-119.380556,-0.450985623,3.103240481,6.201725473,8.386680096,7.300270228,5.714285714,15.7,0.13,0.09,0,0
292,57,2.079181245,602,-120.634444,-0.020202707,3.296577333,3.234749174,7.384563827,5.155601064,51.92307692,12.6,0,0.02,0.454545455,1.250004546
293,43,3.289811838,736,-102.47196,-0.869884359,4.685459017,5.926659324,9.452087434,9.977847993,86.66666667,16.9,79.69,0,1,0.33335
294,80,1.880813592,1290,-118.87883,-0.396009949,3.061988069,2.370243741,6.724124465,2.57261223,7.5,15.6,0,0,0,0.788484615
295,22,3.623249289,591,-104.557222,-1.120857898,7.955772275,6.831198156,9.720448819,9.935949902,100,20,67.4,0.19,1,1
296,31,3.08635983,1973,-108.11488,-0.693147181,4.629277261,5.647212123,8.489712019,8.195195689,47.61904762,17,0,0,1,1.5
297,39,2.456366032,2988,-109.91033,-0.286349627,2.443216223,2.397895273,4.778493042,3.335769576,2.857142857,15.2,0,0,0.045454546,0.553040909
298,67,2.158362493,653,-118.320278,-0.68319685,2.950211758,3.310543013,7.359536382,5.637998734,20,11,0.17,0,0,1.431818182
299,32,2.037426498,968,-111.8295,-0.537854296,7.007111807,6.32022858,8.493591236,4.808927024,23.80952381,22.3,0,0.55,0.727272727,0
300,45,2.936513743,555,-101.11893,-0.841647189,6.202596244,5.59805152,8.911605984,9.220211492,93.33333333,18.6,37.62,0.47,0.454545455,0.7879
301,22,3.116607745,369,-97.0092,-0.486133011,6.083177355,5.549076085,7.930170235,9.612994867,100,33,95.84,0.32,0.958333333,1.122592935
302,31,2.35410844,847,-118.389722,-0.809680997,9.557822491,6.472655366,7.850073577,6.377746836,25.71428571,9.3,2.58,0.21,0,0
303,67,1.591064606,892,-116.50889,0.262364264,4.682501529,2.066862759,6.182892432,3.549617387,5.714285714,11.7,0.02,0.08,0.318181818,0.613636364
304,32,2.445604203,1248,-116.815,-0.363843433,3.54587476,6.380800273,7.978141994,5.97761914,64.76190476,19.2,0.62,0.05,0.227272727,0
305,33,3.301897717,635,-117.66951,-0.879476759,4.570475216,4.333361463,7.63966176,5.13990763,46.66666667,5.6,76.71,1.26,0.727272727,0
306,26,3.0523091,642,-101.43027,-0.834710745,3.746204521,5.437644432,8.4522802,9.662008173,94.28571429,14.4,45.91,0.54,0.909090909,1.5
307,52,1.799340549,885,-121.5505,-0.022245609,2.473171394,3.505557397,6.76310747,1.252762968,6.730769231,11.7,0,0.47,0.318181818,0
308,49,2.357934847,973,-120.58642,-0.200892942,1.311031877,3.091042453,8.197393355,3.446807893,81.90476191,7.4,0,0.46,0.454545455,0
309,13,2.764176131,934,-103.969722,-0.918793862,9.039867541,5.661918271,7.718109917,9.841681295,99.04761905,16.8,6.47,0.37,0.727272727,1.5
310,42,3.354300561,455,-99.06148,-0.834710745,7.536742533,6.343001313,8.746186056,9.103489858,94.23076923,23.4,56.96,0.3,0.818181818,1.5
311,36,2.612783858,486,-113.53074,-0.928869514,7.504286928,6.889183893,8.149708316,6.605703793,57.14285714,27,0.01,0.04,1,0.204545455
312,65,1.799340549,1448,-120.724444,-0.36672528,3.755603086,3.478158423,7.625221832,1.791759469,39.04761905,11.1,0,0.04,0.318181818,0
313,37,2.225309282,2027,-108.16369,-0.527632742,5.583909757,5.388615005,8.027287544,8.387107285,30.47619048,16.1,15.11,0,0.409090909,1.181818182
314,46,2.257678575,2718,-105.648056,-0.733969175,6.505036397,3.349904087,7.069603896,6.172326706,67.61904762,17.7,9.38,0.13,1,1.5
315,44,2.893761761,865,-102.816944,-0.8603831,8.656156554,5.982928216,8.358090772,8.484339367,91.42857143,20.2,10.47,0.13,0,1.5
316,51,2.350248018,1856,-104.86668,-0.703197516,5.604588094,7.354810087,7.668619518,6.850761557,51.42857143,19.6,4.33,2.94,0.727272727,0
317,31,2.654176542,1518,-104.678056,-0.789658081,9.185213315,4.574710979,7.048979478,6.575354742,20,22.4,2.34,0.62,0.954545455,1.5
318,49,2.287801729,1630,-115.34215,-0.830113036,3.367985247,5.961263038,8.462736583,6.496020558,41.90476191,12.9,7.8,0,0.136363636,1.5
319,46,2.716003344,777,-117.36697,-0.999672341,5.21520746,4.473921899,8.141720093,7.59578941,29.52380952,13.8,0.7,0,0.227272727,0
320,76,2.033423755,1147,-119.59314,-0.731888009,2.747911735,2.687847494,7.563207054,1.722766598,12.38095238,14.2,0,0,0.045454546,1.431818182
321,40,2.27415785,251,-118.75907,-0.202116184,11.64544796,6.995399789,8.248333658,8.842792243,54.28571429,16.1,18.07,1.85,0.636363636,1.23485
322,43,2.64246452,43,-124.079444,0.207014169,1.235471471,5.564137192,5.62096575,3.280911216,83.80952381,12.9,3.68,0.47,0,0
323,73,2.387389826,2660,-106.118889,-0.381260419,4.482211279,1.960094784,6.697945996,4.869839484,29.52380952,20.2,4.37,0.2,0.772727273,1.363636364
324,71,1.380211241,672,-121.55199,0.748108739,4.841348416,2.917770732,5.665694873,3.325036021,10.47619048,8.2,0,0,0,0
325,56,2.05690485,2501,-105.991111,-0.463624022,5.781514823,2.980618636,7.08161477,5.138735297,35.23809524,15.3,0.26,0.05,0.272727273,0.833359091
326,44,2.29225607,2993,-106.395,-0.305167387,4.684905154,2.104134154,6.228065145,6.646260636,22,6.1,0.01,0,0,0
327,38,2.149219113,980,-116.654444,-0.368169323,3.374168709,6.064947324,7.316732668,6.928635757,34.28571429,11.4,0.38,1.96,0.136363636,0
328,25,3.237794992,1856,-114.82179,-1.046969056,7.445540213,6.64976145,8.295299109,7.879064359,100,11.7,0.7,0.39,1,1.5
329,93,1.812913357,937,-122.65529,0.421338457,0.262364264,2.261763098,6.533419584,5.029129877,8,14.5,0,0,0,0
330,46,2.387389826,25,-124.17024,0.37775127,3.476923092,6.819798,7.959788058,6.852770971,15.23809524,16.5,3.07,0,0.090909091,0.280313636
331,43,2.703291377,1941,-119.451944,-0.918793862,1.235471471,6.354543939,7.611133257,5.797272818,59.18367347,11,0,0,0,1.5
332,43,2.178976946,2571,-105.591111,-0.26918749,3.737193314,2.954910279,5.61905336,4.259859001,3.96039604,11.2,0,0.71,0,0
333,39,2.423245875,1502,-111.07074,-0.394525168,5.040776451,4.872139217,7.812096499,5.792098556,30.47619048,22.9,0,0.22,0.363636364,0
334,26,2.745074791,804,-102.51083,-0.862749965,8.919758098,5.744604469,8.190678929,8.196932829,61.90476191,24.7,9.71,0.11,0.727272727,1.424245455
335,57,1.954242509,924,-119.715556,-0.457284857,4.342765921,5.533389489,8.1472603,8.846281088,29.52380952,24.2,0.04,0.02,0.181818182,0
336,37,1.880813592,2612,-117.387222,-0.585190039,2.189416395,2.862200881,5.582932585,3.401197382,14.28571429,8.5,0,0,0.727272727,1.454545455
337,62,2.245512668,853,-121.63343,-0.298406036,3.121924299,2.862200881,6.526540612,1.960094784,51.81818182,9.9,0,0,0,0
338,60,2.545307116,1215,-118.84265,-0.551647618,4.349761674,3.594568775,7.684177581,3.165475048,21.90476191,15.7,0,0,0.818181818,1.5
339,73,1.806179973,880,-120.30551,-0.012072581,3.059645599,1.722766598,6.450481525,3.511545439,6.666666667,12.3,0,0,0,0
340,21,2.488550718,141,-118.993611,-0.42007126,6.928694515,5.316157285,7.731880611,4.630837933,41.90476191,24.3,1.01,0.22,0.181818182,0
341,57,2.252853032,315,-119.836111,-0.536143432,2.193885676,6.478509642,8.297822355,8.25935467,10.47619048,14.9,0.01,1.26,0,0
342,29,3.435844366,405,-97.25068,-0.491022996,4.977492076,5.763308454,8.332021256,9.853929594,90.47619048,19.1,98,0.06,0.954545455,1.909127273
343,69,1.892094603,1490,-118.66608,-0.235722334,3.345684672,1.987874348,5.667097743,3.258096538,0,12.6,0,0,0,0
344,43,2.495544338,2426,-109.359167,-0.62735944,1.335001067,2.493205453,6.199035472,3.671224519,100,14.2,0,0,1,1.5
345,20,3.804888746,1536,-111.863611,-0.807436327,9.445327115,9.433851856,8.945297293,9.098972962,99.04761905,14.9,4.46,0.38,0.272727273,0.7273
346,30,2.626340368,1312,-119.11575,-0.713349888,8.67845453,5.586499314,7.476284934,6.246300545,90.47619048,21.6,4.22,0.19,0.136363636,1
347,46,1.740362688,2346,-109.43339,-0.391562203,3.008648499,3.210843653,6.453001182,4.574710979,22.85714286,19.6,0,0,0.454545455,0
348,63,1.880813592,222,-123.918333,0.461215123,4.738826571,5.134621274,7.851950745,5.918356075,4.761904762,21.5,0,0,0.136363636,0.060609091
349,38,2.568201725,2452,-105.23408,-0.629233855,2.38416508,6.21019839,7.325199023,3.688879454,43.85964912,19.4,0.59,0.05,0.291666667,1.5
350,39,2.017033339,2096,-113.656667,-0.236988958,4.982030037,2.541601993,7.67298984,6.389737185,6.666666667,13.3,0,0.01,0.909090909,0.697
351,49,2.123851641,2690,-107.447222,-0.271808723,3.0301337,2.066862759,5.950604556,3.314186005,13.86138614,5.6,0,0,0.136363636,0
352,71,1.90848502,1573,-115.64173,-0.008032172,2.837322537,1.987874348,5.287281697,2.415913778,13.33333333,9.2,0,0,0,0
353,28,1.982271234,1570,-122.811389,0.247641023,3.08876714,1.504077397,6.523622643,2.442347035,8.571428571,21.5,0,0,0.318181818,0
354,19,3.146748014,1890,-114.881944,-1.142564176,0.693147181,5.105945474,8.169840366,6.152094193,46.66666667,19.3,0,0,1,1.5
355,42,2.498310554,1858,-107.710278,-0.412489723,4.711330382,5.072670685,8.199927954,7.640796023,22.85714286,18,0.13,0,0.454545455,0.181827273
356,43,2.149219113,1986,-107.124167,-0.921303274,2.020222182,3.899950424,7.780008435,5.967684018,34.28571429,12.4,0,0,0.909090909,1
357,15,3.930694387,214,-117.500278,-1.241328591,0.587786665,8.006834125,8.109745809,7.526286666,85.71428571,21,70.02,4.69,1,0.484872727
358,30,3.582404299,867,-103.35518,-0.921303274,5.426842499,7.484705665,9.380516951,9.394377124,100,14.6,68.21,0.06,1,1.5
359,71,2.706717781,485,-123.37293,0.134530893,1.880990603,4.674696249,8.201962311,5.376666333,3.80952381,13.4,0,0.8,0,0
360,46,2.267171728,2317,-112.06266,-0.52256088,3.864092472,4.571613402,7.800305625,4.465908119,18.0952381,14.1,0,0.02,0,1.189395455
361,61,2.11058971,595,-120.469722,0.124868982,3.772990797,3.751854253,6.808191398,3.931825633,18.0952381,20.3,0,0,0,0
362,31,2.350248018,2675,-106.376111,-0.551647618,3.702782359,4.158883083,7.579505461,4.821087692,64.76190476,9.4,0.38,0,0.045454546,0
363,42,2.322219295,2207,-114.700556,-0.33128571,4.187683103,2.980618636,7.157539982,4.17438727,33.33333333,12.5,0.12,0,0.272727273,1.5
364,36,2.910624404,601,-101.73285,-0.862749965,8.476502438,5.80934297,8.333577037,9.515174503,68.57142857,18.9,69.78,0.88,0.863636364,1.295459091
365,74,1.968482948,813,-123.364444,0.234281296,4.016202824,3.433987204,7.55978563,4.289088639,8.571428571,13.1,0,0,0.045454546,0
366,31,3.262688344,531,-100.950556,-0.874669057,8.448023161,8.495887836,8.675367281,10.77509677,85,30.7,15.94,0.37,0.227272727,1.272736364
367,60,2.359835483,2703,-110.387222,-0.183922838,4.907937896,2.493205453,5.425781992,3.629660094,24.76190476,12.5,0.07,0,0.181818182,0
368,52,1.662757831,553,-120.65988,-0.135819723,5.045551886,3.496507561,7.516710638,4.297285406,13.33333333,14.1,0,0.39,0.318181818,0
369,41,3.345373732,330,-97.29279,-0.691149178,7.91216311,6.582855819,8.79581353,8.564114945,88.57142857,21.5,75.5,0.29,0.5,1.772740909
370,69,2.187520722,458,-120.052778,-0.541284831,2.979094632,6.105462651,8.684561654,8.827292118,20,15.7,0.1,0.04,0,0
371,57,2.328379602,1248,-114.78078,0.506817602,2.637627737,1.960094784,6.86320342,3.314186005,7.826086957,6.8,0,0,0,0
372,45,2.193124598,1559,-118.72644,-0.302457358,2.039920784,2.740840024,7.060327857,3.624340933,20,22,0,0,0.5,0.6667
373,62,2.431363765,2411,-106.32226,-0.274436846,0,2.90690106,8.213811184,3.708682081,32.78688525,14.5,0,0,0,0
374,39,2.220108088,1931,-111.443611,-0.524248644,2.543175558,4.845760651,7.933779312,4.894101478,97.14285714,18,0,0,1,1.5
375,54,1.903089987,1642,-117.46555,0.449162963,3.460409241,2.174751721,5.694241308,2.351375257,21.15384615,11.9,0,0,0,0
376,43,2.656098203,451,-99.043,-0.482886255,5.883795814,7.032182857,8.221541311,10.03236877,65.71428571,29,41.21,0.22,0.454545455,0.697
377,36,3.104145552,73,-120.549167,-0.908818717,3.807772984,9.461371427,8.856600972,9.344521553,34.28571429,15.6,2.75,2.3,0.272727273,0.954545455
378,62,1.361727836,880,-120.683333,-0.085557888,2.386006701,3.025291076,6.994215504,3.511545439,10.47619048,9.1,0,0.13,0.045454546,0
379,62,2.149219113,1958,-114.14713,-0.497580397,2.939690883,2.32238772,6.110204902,2.721295428,44,14,0,0,1,0.780309091
380,41,1.86332286,1677,-118.60722,-0.30788478,-0.544727175,2.2300144,6.500044387,4.588024027,14.28571429,9.8,0,0,0,0
381,42,2.846955324,1496,-121.25764,-0.40947313,7.036306793,2.624668592,7.051895449,0.832909123,25.96153846,19.4,0,0,0.181818182,1.5
382,31,3.708675794,14,-121.446111,0.245296356,8.680190906,7.357556201,6.994194409,6.277395087,63.80952381,23.5,1.68,2.32,0.136363636,0.515177273
383,23,1.806179973,859,-112.08298,-0.594207233,5.155254984,4.421247348,8.092057925,4.850466542,20.95238095,21.4,0,0,1,0
384,51,1.799340549,1988,-119.53587,0.144100344,4.722864329,4.239886868,5.806450368,2.261763098,2.857142857,8.3,0,0,0.090909091,0
385,26,2.348304863,3265,-106.360556,-0.265268478,2.317473705,2.302585093,5.850636017,5.089446475,90.47619048,5.4,0.04,0,0.636363636,0
386,51,1.929418926,1586,-111.620556,-0.171975265,4.908676394,2.493205453,7.329497572,5.771441123,19.04761905,11.8,0.43,0,0,1.393940909
387,54,1.69019608,1160,-114.367778,0.141499562,3.8019849,1.360976553,7.289523146,3.983413002,27.61904762,10.4,0,0,0,0
388,62,1.85125835,1943,-110.43969,-0.572701027,-0.040821995,2.261763098,7.490043648,4.604169686,40,8.8,0,0,0,0
389,81,2.728353782,197,-123.61917,1.145495875,-0.544727175,4.936629881,5.334369604,4.394449155,28.42105263,10.6,0,0,0,0
390,29,2.897077004,944,-105.316389,-1.044124103,8.436572984,7.116394144,8.591775665,10.64373776,60,10.6,2.91,0.09,0.545454546,0.6667
391,59,1.90848502,1854,-111.40256,-0.225646682,4.313747794,4.248495242,8.276152512,3.394508394,7.619047619,17.3,0,0,0.136363636,0
392,33,2.117271296,2781,-106.6725,-0.537854296,3.890595058,1.916922612,6.365769775,3.46260601,23.80952381,7.4,0,0,0.181818182,0
393,47,2.563481086,1917,-115.703333,-0.94160854,2.480731278,5.691709893,7.555695867,5.250701513,77.14285714,17.3,0.02,0,0.909090909,1.5
394,68,2.060697841,1036,-119.1499,-0.433864583,2.856470206,2.397895273,6.687094892,2.197224577,3.80952381,15.1,0,0,0.227272727,0.348495455
395,35,3.192846115,288,-97.28726,-0.731888009,7.875309305,7.871692664,8.716650779,9.518824572,100,19.4,92.53,0.44,0.636363636,1.0985
396,29,3.487138375,500,-100.21397,-0.816445397,8.558427261,6.752971065,8.897687918,9.413607693,60.95238095,21.1,39.45,0.22,1,1.5
397,42,2.041392686,2014,-109.3968,-1.108662625,4.547752915,6.008813185,8.190410143,6.343528878,33.33333333,21.4,0,0,1,1.5
398,59,1.462397998,771,-121.700833,0.748108739,3.139832618,2.879198457,5.455859432,4.404277244,2.727272727,11,0,0.39,0,0
399,53,2.547774704,881,-103.278611,-0.711311151,4.480513581,6.31300442,8.135053029,10.19308903,100,18,20.29,0.32,0.272727273,1
400,51,2.471291711,2154,-106.875833,-0.572701027,3.64805746,3.407841924,7.202790749,4.075841091,21.90476191,13.2,0,0,1,0.98485
401,45,2.460897843,1506,-119.11845,-0.717439873,3.48553853,4.563305982,8.039133842,9.728443451,70.47619048,25.3,0.53,0.01,0.818181818,0.742454546
402,60,1.707570175,2244,-119.875278,0.351360849,2.820783471,1.568615918,6.278791708,3.165475048,20.95238095,13,0,0,0.636363636,0
403,41,1.579783597,1682,-110.74877,-0.149660775,4.907642344,2.901421594,7.245008075,4.991792206,7.692307692,9,0,0.38,0.272727273,0
404,48,1.991226077,1820,-115.12612,-0.433864583,0.500775288,2.667228207,6.875834179,2.827313622,28.57142857,13.6,0,0,0.045454546,0
405,28,2.826722519,275,-97.56279,-0.770028225,7.075259262,6.174410909,8.204111538,8.521384396,81.90476191,22.1,91.6,0.33,0.318181818,1.560609091
406,17,3.254789686,1771,-119.442222,-1.158362293,2.294552921,4.6121458,6.080018584,4.572646994,61.53846154,9,0,0,0.818181818,1.5
407,15,2.865696061,1038,-103.78653,-0.796287939,6.297403936,9.593655299,8.159369021,10.9380874,96,30.1,2.8,0.27,0.954545455,1.5
408,57,2.397940009,2666,-108.233333,-0.283690051,3.511545439,2.564949357,6.436395751,4.778282804,12.38095238,15.8,0.01,0,0.045454546,0
409,52,1.72427587,1921,-121.25805,0.178982656,1.827769907,1.774952351,6.142555551,1.30833282,18.18181818,5.4,0,0,0.136363636,0
410,86,2.149219113,384,-123.08252,0.317726194,0.285178942,3.96081317,6.631518854,2.041220329,31.42857143,10.5,0,0,0,0
411,30,2.28555731,878,-116.681667,-0.393042588,3.736001561,6.110136077,7.321190667,6.946398903,67.61904762,12.7,0.26,1.36,0.545454546,1.5
412,59,2.835056102,969,-111.95341,-0.850971266,9.154878401,5.90290652,8.247480957,6.542616042,33.65384615,22.7,0.33,0.42,0.636363636,0
413,38,2.541579243,1186,-119.03187,-0.802962047,1.517322624,3.802208139,7.992121912,1.648658626,15.46391753,20.4,0,0,0.045454546,1.5
414,37,2.733197264,2469,-111.083333,-0.644357016,2.432735777,4.936629881,8.165540188,6.080848108,5.714285714,14.3,0,0,0,0
415,55,2.324282455,870,-118.97695,-0.438504962,6.944627082,2.564949357,6.544801805,1.987874348,7.619047619,24.8,0.85,0.12,0.454545455,0
416,44,1.662757831,1279,-118.49073,-0.311974765,3.839667343,2.493205453,6.564120654,2.197224577,19.62616822,16,0,0,0.041666667,0.694475
417,40,2.096910014,2104,-110.74587,-1.005121946,4.445118798,6.925791641,8.409271398,8.647589675,93.33333333,12,0,0,1,1.5
418,63,2.176091259,2223,-107.019,-0.191160505,5.591322745,2.701361213,6.80406337,5.453610251,9,16.1,0.89,0,0.045454546,0
419,57,2.103803721,2227,-115.223333,-0.238257189,0.741937345,3.234749174,8.135202265,4.452019006,2.857142857,12.8,0,0,0.136363636,1.5
420,45,2.127104797,1329,-119.51709,-0.699165253,3.720378121,2.104134154,8.314056658,7.624570157,84.76190476,16.3,0,0,0.636363636,1.462122727
421,72,2.340444115,1018,-117.42313,-0.219400565,3.16674007,3.054001182,7.513454987,5.528237902,44.23076923,20.7,0.56,0,0.090909091,0.863636364
422,41,2.831869774,1670,-107.248056,-0.691149178,4.268157804,2.844909384,7.775344004,5.308267697,15.23809524,20.3,1.13,0,0.272727273,0
423,54,2.190331699,1700,-118.31331,-0.116533816,3.234355396,2.197224577,5.835705074,4.166665224,38.0952381,9.8,0,0,0,0
424,27,3.039810555,720,-119.44512,-0.814185509,4.380901001,5.620763119,8.247417571,5.302807272,90.47619048,10,1.68,0,1,1.5
425,46,2.454844861,2346,-109.20244,-0.484508315,3.997099178,4.865224091,8.164848857,5.312220272,86.66666667,17.8,0.44,0.24,0.909090909,1.431818182
426,41,2.23299611,2197,-117.057222,-0.705219762,2.813010637,4.750135956,8.281953373,7.940085305,3.260869565,8,0,0,0.909090909,1.5
427,51,1.977723605,1943,-113.227222,0.11064652,3.244543572,1.824549292,5.650248074,3.481240089,30.47619048,13.2,0,0,0,0
428,24,3.214578954,1436,-119.028333,-0.8603831,5.029784113,5.384495063,8.227810052,8.610300948,26.66666667,11.5,15.69,0.14,0.409090909,0
429,53,2.397940009,1202,-119.29951,-0.816445397,5.774644709,3.737669618,7.52421956,3.42751469,1.904761905,14.1,16.89,0.06,0,0
430,38,1.806179973,2051,-115.501111,-0.192371893,2.613739522,2.197224577,6.198128737,3.363841595,2.727272727,12.4,0,0,0.291666667,1.5
431,45,2.961421093,2445,-109.596667,-0.723606388,2.039920784,4.188138442,8.590269281,6.859509966,22.85714286,7.9,0,0,0.772727273,0.6667
432,41,3.197280558,604,-100.12947,-0.805196684,5.591583817,4.684905154,8.155798843,6.88857246,66.66666667,23.7,29.57,1.24,0.318181818,1.363636364
433,73,1.880813592,1424,-118.66491,-0.238257189,1.974081026,1.987874348,6.914703087,4.325456283,31.42857143,14.7,0,0,0,0
434,43,2.447158031,499,-118.45703,-0.811930717,9.559759154,6.512636463,8.03128292,6.521798637,95.19230769,16.5,2.58,0.21,0.090909091,0.4697
435,53,2.960946196,748,-102.88839,-0.913793852,6.396962988,5.513025439,8.9578466,9.311732022,22.85714286,17.5,78.83,0.17,1,1.803045455
436,43,2.037426498,1986,-107.288056,-0.071496002,4.894101478,3.254242969,8.001774129,4.025351691,4.807692308,15.4,0.25,0,0.090909091,0
437,44,1.643452676,818,-120.89884,0.816691367,5.368682629,2.602689685,6.082672722,3.788724789,9.523809524,10,0,0,0.136363636,0
438,37,1.949390008,2984,-105.89273,0.053540767,2.601207105,3.198673118,6.974141155,6.23910557,17.14285714,6.6,0,0.37,0.045454546,0
439,13,4.08457628,11,-120.514167,-0.805196684,3.064791809,8.632234695,8.694705703,9.434155698,60.95238095,29.1,6.2,0.84,1,0.454568182
440,56,2.161368001,1585,-116.748333,-0.275753502,2.400618833,4.589040804,6.292498337,2.87356464,11.42857143,10,0.25,0,0.181818182,0
441,42,3.54095481,546,-96.56419,-0.482886255,4.712947778,5.330300412,8.225691835,8.547799988,80,20.6,89.29,0.11,1,2.1667
442,25,3.291812688,421,-97.5413,-0.541284831,6.608135569,6.803061208,8.175118008,10.1417325,64.76190476,20.6,91.82,0.56,0.818181818,1.378790909
443,61,1.579783597,723,-123.612778,0.456158222,5.279542211,3.360375387,7.25878532,5.218732887,3.80952381,19.5,0,0.04,0.727272727,0
444,41,2.39445168,1425,-120.40485,-0.47320876,5.615533969,2.624668592,6.735623232,2.240709689,11.42857143,13.4,4.58,0.01,0.090909091,1.5
445,37,2.149219113,1621,-119.28908,-0.634878272,1.004301609,3.632309103,8.395287218,5.322522055,78.0952381,15.1,0,0,0.590909091,1.5
446,56,2.423245875,131,-123.71965,0.474991171,3.698086935,4.90823336,5.4038911,3.250374492,13.33333333,14.8,0,0,0,0
447,44,2.359835483,1893,-105.36055,-0.318828801,5.578861525,3.339321978,4.75699817,3.763522997,9.6,9.9,0.05,0.14,0.038461539,0
448,27,2.240549248,659,-116.726389,-0.705219762,3.328985048,7.623250863,8.382968535,8.06532806,91.42857143,12.9,0.08,1.83,0.090909091,0
449,44,2.419955748,1842,-108.5925,-0.410980289,7.70002355,6.009550015,8.388515439,10.05645324,61.16504854,22.7,3.31,0.06,0.590909091,1.121213636
450,59,2.243038049,853,-119.753889,-0.403467105,2.085672091,5.536940489,8.399893464,8.496561821,6.666666667,15.8,0.01,0.12,0.227272727,0
451,41,2.240549248,1457,-109.1817,-0.532730459,6.80800124,8.385397435,6.872536308,5.761107541,18.0952381,24.5,0.01,0,1,1.5
452,71,2.053078442,2156,-113.4746,-0.134674903,4.042700329,2.292534757,6.085322113,2.653241965,13.33333333,12.6,0,0,0.545454546,0.909090909
453,43,2.702430537,1636,-111.637778,-0.446287103,5.978835131,8.134027591,8.195065281,7.216415758,26.47058824,10.3,2.32,1.25,0.045454546,0.060609091
454,60,1.579783597,1262,-115.16426,0.495305812,2.155244505,1.504077397,5.596765031,2.797281335,3.80952381,10,0,0,0.772727273,0
455,53,2.324282455,2048,-118.29377,-0.512493681,3.000222179,3.569532696,6.60013441,3.321432413,19.04761905,20.6,0,0,0.181818182,0.772727273
456,57,2.397940009,174,-123.84609,0.638690995,2.20386912,4.343805422,5.549791782,3.947390149,12.24489796,16.4,0,0,0,0
457,47,2.721810615,1167,-117.51413,-0.94160854,3.112181086,3.538056564,7.828431707,6.444449171,40.95238095,16.4,0,0,0.454545455,1.5
458,57,2.017033339,1303,-118.048611,-0.271808723,2.360854001,5.764250221,8.198017149,5.665041646,17.14285714,14.2,0,0,0.136363636,0
459,50,2.809559715,92,-122.795811,0.436317572,4.106767082,4.131961426,5.698820183,2.721295428,6.666666667,17,66.23,0.24,0,0.515159091
460,23,3.03702788,1959,-116.544722,-0.85566611,0.104360015,4.955122584,6.814759181,5.360352757,71.42857143,24,0,0,1,1.5
461,68,1.447158032,1275,-121.186111,0.581656805,0.943905899,2.667228207,6.364461558,3.194583132,11.42857143,4.5,0,0,0,0.151522727
462,29,2.75281643,2000,-108.366111,-0.818710404,4.592388852,6.239300711,8.070430524,9.858908509,48.57142857,24.4,12.79,0,0.954545455,1.5
463,28,2.591064606,1316,-108.19736,-1.152013065,6.969950432,9.446984381,8.451204446,10.48499901,71.42857143,18.6,1.26,0.02,1,0.9697
464,63,2.23299611,1569,-120.034722,-0.044997366,3.069447311,6.750048283,6.369861598,1.824549292,18.0952381,15.9,0,0.36,0.045454546,0
465,67,1.591064606,1486,-118.47835,-0.26918749,3.613077741,2.468099531,6.551297454,2.219203484,29.80769231,17.7,0,0,0,0
466,54,1.832508914,2401,-110.261111,-0.109814866,3.036394255,2.517696473,7.974412808,6.109025336,17.14285714,4.9,0,0,0,0
467,61,1.973127854,60,-123.54806,-0.007024615,4.229458036,5.60653709,7.712915548,5.461710913,14.0625,16.9,1.03,0,0,0
468,51,1.977723605,2525,-108.03855,-0.187535124,3.953164949,3.299533728,7.730966222,6.849914279,11.42857143,12,0.56,0,0.136363636,0
469,65,2.146128036,40,-123.071389,0.265436464,4.325323999,5.79818315,8.311537021,4.672828834,25.71428571,20,0,0,0.045454546,0
470,40,2.161368001,2839,-107.39053,-0.182721637,5.068589687,2.197224577,6.098867226,6.573680167,23.07692308,10,0.08,0,0,0
471,32,2.471291711,34,-122.786944,0.082501222,4.715727177,6.376897001,8.085441585,4.822697999,38.0952381,19.9,5.48,1.05,0,0.33335
472,55,2.220108088,1042,-117.08959,-0.648173815,3.528123675,2.721295428,6.797522915,2.76000994,4.761904762,10,0,0,0,0
473,63,1.832508914,1728,-118.54373,-0.155484903,-0.116533816,1.360976553,7.25510528,3.349904087,19.04761905,9.4,0,0,0,1.5
474,50,2.025305866,3155,-105.398889,-0.390084006,1.809926773,1.916922612,6.397580662,4.062165664,14.28571429,8.7,0.07,0,0,0
475,67,1.819543936,1803,-120.57559,-0.177931208,1.757857918,2.397895273,6.87418712,2.041220329,13.6,12.4,0,0,0,1
476,44,2.149219113,127,-123.74067,0.171429116,-1.714798428,6.354543939,5.658104961,4.480740108,24.44444444,11.6,0,0,0,0
477,42,2.123851641,1691,-120.5317,-0.372514008,0.943905899,3.496507561,8.106970685,4.502029427,33.33333333,9,0,0,0.090909091,1.5
478,46,2.653212513,1912,-116.033333,-0.384192973,3.123245594,3.520460802,6.591417788,8.761957324,9.523809524,18.5,0,4,0.045454546,1.5
479,62,2.079181245,317,-122.84892,0.425267735,2.345644582,3.668676747,6.593118504,2.282382386,17.89473684,14.1,0,0,0.181818182,0
480,42,2.530199699,827,-120.10121,-0.796287939,4.863294706,4.912654886,7.888938219,4.887337078,7.619047619,28.5,0,0,1,1.5
481,25,2.352182517,1923,-115.596389,-0.746547957,3.815071479,4.816241156,8.29281368,5.590986981,38.7755102,18,0.17,0,0,0.272731818
482,36,2.621176283,654,-117.180556,-0.225646682,3.719408659,5.850764665,8.009578958,5.340418543,23,14.3,0.06,0.23,0.090909091,0
483,64,2.387389826,142,-124.084722,0.471252849,2.165619238,5.493472881,5.907135643,3.968403339,2.857142857,13.4,0,0.01,0.136363636,0
484,69,1.544068045,1727,-118.37558,-0.182721637,2.744060639,2.292534757,6.441319677,2.197224577,20.95238095,7.7,0,0,0,0
485,46,2.403120521,146,-120.35832,-0.752897185,4.008605103,7.747942202,8.755324188,8.474390069,44.76190476,16.1,2.76,0.6,0.181818182,1.3182
486,31,2.848804701,542,-119.948611,-0.343899752,3.814189645,7.154146497,8.199627214,6.11412456,14.28571429,23.1,0,4.79,0.090909091,0
487,54,2.255272504,1229,-117.0075,-0.406465608,5.407754561,4.816241156,7.518649561,3.758871826,15.23809524,13.1,0.03,2.4,0.181818182,0
488,46,3.230704313,485,-100.1003,-0.818710404,6.004750891,5.376666333,8.495487927,7.531284393,92.38095238,14.1,27.98,1.81,1,1.5
489,46,3.570542939,762,-117.133056,-0.363843433,3.548179572,6.98416061,7.860426155,5.792708684,35.23809524,16.1,0,1.57,0.181818182,0
490,37,2.887617299,677,-102.70479,-0.837017551,5.181052946,5.98494333,9.171992557,8.545566826,99.04761905,16.5,46.92,1.3,1,1.5
491,40,2.647382971,593,-101.192778,-0.874669057,4.319619175,3.970291914,8.776023388,7.545336894,83.80952381,16.6,46.81,1.23,1,1.5
492,32,3.204119982,457,-100.920278,-0.889162064,10.25373166,8.09440897,8.69273328,9.134959282,77.14285714,20.8,69.55,1.01,0.227272727,0
493,71,1.913813851,579,-122.201111,0.356974899,5.466624512,4.343805422,7.010145891,4.14472077,3.80952381,17.8,0.35,0.95,0,0
494,31,3.153814864,442,-100.46424,-0.881889305,10.33057683,6.900025481,8.921665011,9.195916851,76.19047619,16.9,66.21,0.87,0,1.681827273
495,60,1.806179973,1314,-114.55801,0.361164849,3.207612633,4.780802755,5.556398418,2.740840024,25.43859649,1.9,0,0.86,0.269230769,0
496,39,2.117271296,1673,-105.167778,-0.497580397,6.16432482,5.203457086,6.513399236,5.40222683,1.904761905,18.3,0.49,0.66,0,1
497,34,2.149219113,194,-119.075,-0.471604911,4.70745598,6.42745886,8.201733399,8.313214809,8.571428571,18.9,2.36,0.52,0.454545455,0.075759091
498,24,3.222196046,278,-97.185278,-0.705219762,8.026539408,7.211778111,8.517737896,9.230848633,94.28571429,27,94.71,0.52,0.454545455,0.893945455
499,27,2.627365857,2238,-106.93832,-0.655851396,0.438254931,5.635146682,7.323672242,4.404277244,81.73076923,11.1,0,0.52,0.954545455,1.227272727
500,43,2.220108088,1958,-104.9575,-0.650087691,4.107589789,5.308267697,7.182554181,5.259576538,63.80952381,12.6,3.91,0.51,0.909090909,0
501,28,3.383815365,512,-101.66356,-0.93140437,7.60697399,7.011033628,9.054922406,9.768435004,87.61904762,17.1,71.29,0.48,1,1.431872727
502,29,2.746634198,273,-97.82189,-0.807436327,9.129562978,6.241444752,8.463789606,8.565068652,82.85714286,21.4,73.65,0.41,0.227272727,0.439404546
503,28,2.812244697,1498,-112.060833,-0.823255866,9.554551869,8.830206697,8.400293466,8.376435754,94.28571429,15.9,4.42,0.38,1,1.5
504,26,2.909020853,1233,-113.716111,-0.601479992,5.87745563,6.644960922,8.223636298,6.506381789,34.28571429,12.2,2.31,0.37,0,0.606090909
505,61,2.123851641,1285,-121.35376,0.352767319,2.574899688,2.970414466,6.212902645,5.661918271,31.42857143,6.5,0,0.33,0,0
506,41,3.233757362,583,-102.77786,-0.94160854,7.699013259,7.376633275,9.297055263,9.505335638,39.04761905,21.3,44.15,0.31,0.954545455,1.287886364
507,20,3.85997844,159,-117.301667,-1.139434283,3.215269329,8.654900851,8.194713718,8.674692544,93.33333333,16.6,31.33,0.29,0.045454546,0
508,35,2.593286066,494,-114.01602,-1.049822124,9.475267503,9.173790489,8.302944679,9.90342255,73.33333333,27,0.68,0.27,0.318181818,0
509,52,1.93449845,689,-118.52751,-0.84397007,4.515245478,3.676300672,8.214761814,6.190725158,31.42857143,5.2,0.06,0.26,0,1.325759091
510,47,2.060697841,2528,-109.85383,-0.119910297,0.924258902,2.261763098,6.163066352,5.421861553,3.296703297,11.9,0,0.25,0.318181818,0
511,66,2.444044796,643,-119.909167,-0.443166975,2.532902848,5.570631962,8.761443329,8.324894023,26.66666667,12.4,0.11,0.23,0,0
512,31,2.466867621,846,-113.663056,-0.853315933,7.008324334,6.593044534,8.159882331,7.267106638,55.23809524,15.7,1.41,0.23,0,1.6591
513,51,2.591064606,1827,-107.9104,-0.444725822,8.967449367,5.790571605,7.946472093,7.636173074,21.15384615,19,8.11,0.22,0.875,1.090909091
514,44,2.987666264,506,-100.32274,-0.832409248,7.677326319,6.305910257,8.870920875,8.750176176,83.80952381,20.5,41.72,0.21,0.454545455,1.5
515,38,2.525044807,1424,-116.484167,-1.03563749,9.677359552,6.847155657,8.074230371,7.091326055,58.0952381,17.9,2.81,0.21,1,1.5
516,30,3.352375497,1798,-112.18467,-0.802962047,8.754085001,6.000176488,8.139055228,6.836688831,27.18446602,12.5,1.27,0.2,1,0.8182
517,43,2.440909083,1862,-104.945278,-0.553385238,5.231696679,5.195730778,7.34716991,5.931714543,40.90909091,12.2,1.49,0.17,0.125,0
518,40,2.05690485,1333,-109.768889,-0.913793852,5.352900244,5.014627315,8.714886823,7.205338176,57.14285714,9.4,2.87,0.17,1,0.530322727
519,33,3.023252459,2152,-112.49866,-0.458865885,5.68085497,4.279440046,7.585618757,3.446807893,32.38095238,16.3,0.03,0.16,0,1.5
520,42,2.2787536,916,-110.83649,-0.515838166,6.306147542,6.367672474,8.106050318,5.55101972,40.95238095,18.9,0.16,0.15,0.363636364,1.151518182
521,51,2.390935108,764,-102.641389,-0.761426021,7.130530763,6.430042007,8.185315663,9.585250048,52.88461539,22,19.25,0.15,0.818181818,1.363636364
522,29,2.35410844,1086,-117.010556,-0.169602784,4.556295018,4.728272383,8.071904753,7.031652916,13.33333333,14.3,0.16,0.13,1,0
523,35,3.006037956,690,-102.02499,-0.877070019,7.872291265,5.648974238,8.538285973,9.839764699,58.0952381,17.6,77.55,0.13,1,0.33335
524,24,3.239299478,803,-101.79717,-0.802962047,6.978549194,5.105945474,8.491914767,6.350187393,86.66666667,25.9,26.23,0.13,0,0
525,36,3.014520538,623,-101.464,-0.853315933,4.12147323,6.150176238,9.006989767,8.925600633,91.34615385,24,2.58,0.12,0.5,1.022727273
526,34,2.904715544,613,-101.70366,-0.884307686,9.231857215,5.800001332,8.874150476,9.500701353,39.04761905,18.9,39.44,0.12,1,1.431818182
527,28,2.990338854,1585,-115.053889,-1.394326533,2.646174797,5.227894902,8.304924271,5.455321115,92.63157895,17,16.76,0.11,1,1.5
528,76,1.954242509,428,-122.97348,0.583332315,2.568021556,2.687847494,6.494520566,3.927896355,0,9.4,0,0.11,0,0
529,42,2.976808338,643,-101.61667,-0.872273846,8.223573526,6.288230238,8.386613552,10.30180384,50.96153846,19.8,72.24,0.1,1,0.424263636
530,16,2.980457893,601,-101.501667,-0.908818717,9.167129067,5.805134969,8.783652252,9.363799384,50.47619048,20.8,13.01,0.1,0.863636364,1.5
531,24,3.017450731,704,-100.889444,-0.767870727,7.870754009,4.021773869,7.962653099,5.650381698,66.66666667,24.5,25.55,0.1,0.409090909,1.204545455
532,37,2.75281643,1380,-103.631389,-0.957112726,6.758918787,5.863631176,8.259285921,9.612774224,90.47619048,17.5,0.25,0.09,0.409090909,1.431818182
533,43,2.592176756,1459,-111.875278,-0.305167387,3.779405481,6.891422624,8.375639765,5.922918005,6,13.1,0,0.09,0,0
534,55,2.004321375,1339,-120.68135,0.382537603,4.062681882,2.493205453,7.076789786,4.212127598,4.761904762,15,0,0.07,0.636363636,0
535,49,2.320146286,1277,-116.828611,-0.353821875,3.235536266,5.918356075,7.486088512,5.015291106,34.28571429,17,0.84,0.07,0.318181818,0
536,43,2.439332694,62,-123.054417,0.270027137,2.460443178,4.920710587,6.948888585,4.018183201,47.61904762,15.3,50.44,0.07,0.772727273,0.83335
537,51,2.170261714,1732,-108.909167,-0.889162064,5.858418751,4.786658062,8.045162549,8.728976458,81.90476191,11,0.24,0.07,0.863636364,0.98485
538,15,3.009025743,463,-99.03593,-0.64055473,6.467139564,6.790434636,8.507686748,9.488691547,95.23809524,24,85.26,0.06,0.818181818,0.181827273
539,39,3.049218023,729,-102.24009,-0.862749965,6.160743079,6.345811784,7.754528738,10.39076918,92.38095238,15.3,89.04,0.05,1,1.348490909
540,70,1.681241237,1146,-119.798611,-0.317454231,0.91228271,4.454347296,8.196695874,7.765950688,8.571428571,18,0,0.04,0,0
541,34,2.745074791,778,-104.77,-0.978166136,7.55279881,5.652138242,9.172782835,9.996367509,30.47619048,11.6,15.92,0.04,1,0.575786364
542,31,2.569373909,921,-110.84657,-0.450985623,3.353756307,5.525452939,8.354047006,6.203547151,12,23.8,0,0.03,0,0
543,53,2.041392686,904,-119.14079,-0.644357016,5.679933673,5.620763119,8.221148785,8.433180949,24.76190476,17.5,0.24,0.03,0.454545455,0
544,79,1.740362688,1687,-121.59992,0.306749135,3.072693315,1.360976553,5.628739193,1.252762968,21.90476191,15,0.03,0.03,0,0
545,66,2.225309282,448,-123.47625,0.99399224,1.78339122,4.714024591,6.32641547,3.437207819,0.952380952,9,0,0.03,0,0
546,81,1.544068045,461,-121.721667,0.717839793,3.456947397,2.564949357,6.214912052,3.688879454,3.80952381,11.9,0,0.03,0,0
547,26,2.503790684,1342,-106.33941,-1.038458366,7.641866844,10.34487949,8.452715042,10.31742335,68.57142857,19.1,0,0.03,1,1.196972727
548,29,3.174350597,1312,-105.159167,-1.013352445,7.809204417,6.125776885,8.006253712,8.729882285,82.85714286,21.8,5.51,0.03,0.954545455,1.007581818
549,59,1.544068045,743,-121.4153,-0.113168698,2.782539053,3.117949906,6.617604829,1.252762968,67,15.7,0,0.02,0.045454546,0
550,53,2.11058971,1710,-111.612778,0.003992021,5.9053346,4.128745989,8.145085777,4.055257174,19.04761905,11,0,0.02,0.181818182,0
551,60,1.819543936,660,-121.98878,0.725130226,2.395164274,2.917770732,5.702708325,2.272125886,10.47619048,8.5,0.04,0.02,0,0
552,64,2.220108088,963,-111.78366,-0.423120043,6.562260461,4.781641329,8.265497633,3.927896355,24.76190476,21.3,0,0.01,0.045454546,0
553,63,1.973127854,793,-122.90169,0.466873736,5.026246142,2.517696473,6.263247775,3.433987204,0,18.8,0,0.01,0.272727273,0
554,44,2.357934847,1515,-119.1425,-0.717439873,3.26308408,4.468204331,7.979905858,9.495820021,45.71428571,21.5,0.41,0.01,0.772727273,0
555,43,1.954242509,717,-123.83,0.915890652,1.876406943,3.921973336,4.950997399,2.954910279,49.52380952,10.1,0,0.01,0,0
556,46,2.000000001,1518,-122.934722,0.527092596,3.18345588,4.40060302,6.234319229,3.265759411,0.952380952,15.1,0,0.01,0.681818182,0
557,63,2.107209969,835,-115.52497,0.427878703,5.416233727,2.564949357,5.832202074,2.509599262,12.5,9,0,0.01,0.136363636,0
558,50,2.075546962,1718,-113.23232,-0.685179011,7.226238101,4.373238129,7.881418291,5.478970866,32.38095238,14,1.2,0.01,0.727272727,1.454545455
559,58,2.661812687,1233,-118.67973,-0.114289146,3.911422825,2.451005098,6.301721137,2.797281335,3.80952381,15.1,2.85,0.01,0,1.5
560,38,2.340444115,1395,-120.98587,-0.527632742,4.954911145,3.514526067,7.628559575,2.054123734,1.904761905,13.2,0,0.01,0.227272727,0.803054546
561,34,2.522444235,838,-120.19689,-0.823255866,4.368814741,4.518522379,8.312896934,4.380775853,92.38095238,18,1.2,0.01,0.545454546,1.5
562,61,1.69019608,581,-120.769722,0.613021136,6.151135675,2.587764035,6.15004611,3.749504076,3.846153846,10.8,0,0.01,0.045454546,0
563,68,1.939519254,770,-120.45611,-0.33128571,3.2047769,3.091042453,7.950090816,4.370712875,40.95238095,8.4,0,0.01,0.090909091,0
564,43,2.857935266,1663,-108.82174,-0.858021824,4.784403646,5.668845905,8.146251821,9.536574665,58.0952381,3.4,15.4,0.01,0.954545455,1
565,41,2.51054501,2649,-109.35581,-0.314710745,4.441356301,3.453157121,6.947693043,4.069026754,19.04761905,18.6,0,0,0,1.136363636
566,10,2.887054378,2024,-110.56828,-1.133203733,1.86872051,4.906015245,7.596454182,5.316157285,99.04761905,30.1,0,0,1,1.5
567,65,2.060697841,1207,-111.96975,-0.636766847,4.600760477,5.583496309,8.503919812,5.372032404,42.85714286,14.5,0,0,0,0.212122727
568,63,2.075546962,2332,-109.39573,-0.273121921,3.988984047,3.054001182,6.24276705,4.611152258,3.80952381,11,0,0,0,0
569,58,2.307496037,143,-122.03,-0.131248287,4.223616898,4.085976313,7.838659906,3.968403339,5.714285714,18.8,0,0,0.136363636,0
570,59,1.698970003,520,-123.328056,0.294161039,1.93874166,2.827313622,7.615974334,5.505737957,0.952380952,10.5,0,0,0,0
571,54,1.869231721,293,-123.80843,0.646579545,5.120266677,4.484131858,6.839381145,5.29681624,7.692307692,17.4,0,0,0.090909091,0.151522727
572,53,2.075546962,1385,-116.984722,-0.258770729,1.922787732,4.302712828,7.538162487,3.73289634,30.47619048,11,0,0,0,0
573,56,2.117271296,1647,-116.673333,-0.210721031,1.754403683,5.26217192,7.244078933,3.683866912,6.666666667,10.2,0.17,0,0,0
574,34,1.924279286,1463,-119.080833,-0.652005237,4.207077832,4.283586562,7.842449621,9.513396161,68.57142857,19.6,0.49,0,0.590909091,0
575,49,2.201397124,787,-122.881667,0.327143141,0.916290732,1.360976553,8.288504796,3.943521672,0.952380952,15.5,0,0,0.045454546,0
576,51,2.542825428,122,-122.956111,0.171429116,1.05431203,6.330255522,7.33728451,5.674353664,4.761904762,19.4,0,0,0.045454546,0
577,53,1.662757831,543,-123.051111,0.597186789,6.199088287,6.292864596,7.370639935,5.804833719,7.692307692,21,0,0,0.772727273,0
578,61,1.698970003,1093,-122.763056,0.105260511,3.213260086,2.879198457,7.276487936,3.608211551,28.57142857,10.4,0,0,0,0
579,68,1.903089987,820,-122.507222,0.740507752,2.279316466,4.75272775,6.995370474,3.927896355,5.714285714,13.1,0,0,0.136363636,0
580,61,1.770852011,2428,-118.161944,-0.794073099,2.679650727,2.939161922,6.89346773,3.650658241,40,9.4,0.22,0,0.590909091,0.954545455
581,58,1.77815125,1495,-122.840833,0.263901544,3.47506723,2.292534757,6.751782316,3.790984677,8.571428571,17.6,0,0,0.045454546,0
582,68,1.633468456,1187,-123.013611,0.48796633,1.576914721,2.066862759,6.075050146,3.645449896,6.666666667,14.8,0,0,0,0
583,51,2.334453751,106,-124.002222,0.207826847,0.559615788,5.752890049,8.265172569,6.042157661,15.23809524,13.7,0,0,0,0.060609091
584,62,2.100370545,742,-122.815,-0.245900538,2.209372711,3.265759411,8.174964463,6.398428531,9.523809524,21.5,0,0,0,0
585,62,1.86332286,959,-122.843056,-0.236988958,3.246101811,2.197224577,6.491769592,2.694627181,3.80952381,15.4,0,0,0,0
586,60,1.819543936,270,-123.721667,0.504405056,1.311031877,4.383275854,7.585381922,5.905634291,5.714285714,15.2,0,0,0.045454546,0
587,37,1.86332286,551,-124.03,0.51342225,0.329303747,5.260615499,6.605916785,3.935739532,41,12.4,0,0,0,0
588,33,1.612783858,2453,-116.843611,-0.087738914,1.283707772,2.468099531,6.135117655,3.608211551,18.0952381,6.8,0,0,0,0
589,29,3.386677286,1068,-102.134444,-0.964955904,5.943665142,7.731755268,8.49319456,10.36123513,87.36842105,24.3,45.86,0,0.045454546,1.5
590,52,1.944482671,2878,-107.41807,-0.153151179,1.492904096,2.797281335,7.325408476,3.869115504,4.761904762,7.8,0.02,0,0.318181818,0.060609091
591,41,2.75281643,2024,-108.45796,-0.763569645,3.940027202,6.441903021,9.138309318,9.389866358,93.33333333,16.4,0,0,1,0.893963636
592,32,2.672097859,1594,-103.68298,-1.038458366,6.117876909,7.635448803,8.474527624,8.91196129,94.28571429,16.1,18.73,0,1,1.5
593,43,2.149219113,2991,-106.395,-0.247180129,3.401530659,1.435084525,5.41810059,3.713572067,14.42307692,11.9,0,0,0,0
594,56,1.69019608,1566,-115.81346,0.09803374,3.694364384,1.916922612,6.047123921,3.645449896,10.47619048,10.7,0,0,0,0
595,48,1.897627091,925,-116.35642,-0.006018072,0.254642218,3.139832618,6.201113454,2.839078464,22.85714286,9.1,0,0,0,0
596,50,1.832508914,2307,-113.78403,-0.415515444,2.178155015,1.871802177,5.016378769,2.379546134,14.28571429,6,0,0,0,0.121218182
597,61,2.344392274,1757,-115.218889,-0.608806032,4.391605609,3.691376334,6.332185185,3.453157121,18.0952381,13,0,0,1,0
598,72,1.919078091,1150,-115.875,-0.048140375,2.96217549,1.987874348,5.46726845,2.360854001,13.33333333,13.5,0,0,0.136363636,0
599,53,1.826074803,1652,-110.77437,-0.278392026,4.469923037,2.424802726,7.425903658,5.10291057,15.23809524,10,0,0,0,0
600,50,2.348304863,1363,-114.092778,-0.551647618,3.167161389,3.265759411,7.452967837,4.686750173,57.14285714,16.7,0,0,0,0
601,53,1.991226077,1416,-112.62295,-0.514164525,3.17010566,2.292534757,7.972701071,4.154184563,28.57142857,10.5,0,0,0.045454546,0.075759091
602,58,1.531478917,2135,-113.48,0.034401427,2.558002205,1.62924054,6.777505354,3.077312261,19.04761905,14,0,0,0,0
603,59,1.919078091,2176,-110.869167,-0.177931208,0.615185639,2.197224577,6.488449327,3.837299459,29.52380952,8.1,0,0,0.318181818,0
604,43,2.946943272,1293,-109.548889,-0.509160344,3.459780706,3.668676747,8.282595036,7.445417557,86.66666667,7.8,2.74,0,0.5,0.666695455
605,11,3.125155831,727,-107.3075,-1.244794799,8.632043932,8.010492382,9.642365227,10.30200189,93.33333333,13.3,2.17,0,1,0
606,48,2.107209969,1682,-110.30636,-0.194799078,5.430791951,1.931521412,6.705633559,5.037601742,4.04040404,11.3,0,0,0.681818182,0.136363636
607,49,2.287801729,1141,-109.52618,-0.655851396,4.904756125,4.947340444,8.216718535,6.833462674,41.90476191,7.4,0.26,0,0.909090909,1.098490909
608,27,3.025305866,694,-106.95642,-1.237874356,6.458761391,5.723911846,7.556196597,8.774807732,37.14285714,14.4,4.35,0,1,1.159090909
609,43,2.547774704,2010,-116.9006,-0.975510092,1.711994501,5.653891705,8.088703951,6.744883346,3.80952381,10.7,0,0,0.363636364,1.5
610,36,2.88309336,1804,-116.32585,-1.133203733,1.726331664,6.568779912,7.901954381,8.017406415,38.0952381,24.3,0,0,1,1.5
611,46,2.699837727,1623,-115.7215,-0.999672341,7.600292273,6.43775165,8.267983347,6.486465621,74.28571429,19.2,1.41,0,1,1.477272727
612,54,2.759667844,1514,-114.35664,-0.901402119,6.449680221,6.137511048,8.048883487,4.692264893,20.95238095,16.2,0.51,0,0,0.272740909
613,62,2.66651798,1765,-116.397778,-1.044124103,2.669309373,5.001258132,7.359156323,5.316157285,74.28571429,22,0.01,0,0.818181818,1.5
614,31,2.089905112,1655,-116.721944,-1.145703896,4.642562305,6.675318681,7.977042082,7.376320374,28.57142857,16.4,0,0,1,1.5
615,28,2.369215856,1791,-117.058611,-0.725670372,4.404154987,4.231203745,8.186178197,6.843856553,65.71428571,7.3,0,0,1,1.424245455
616,58,2.794488046,2078,-114.95,-0.504181081,1.568615918,3.765840495,5.537707011,3.802208139,17.14285714,21.9,0,0,1,1.5
617,61,2.390935108,1861,-116.519722,-0.901402119,2.539236994,4.484131858,6.337219176,4.688591794,32.35294118,17,0,0,0.954545455,1.5
618,36,2.190331699,1892,-115.098889,-0.301105093,1.859418118,3.117949906,7.162165033,3.927896355,9.523809524,8,0,0,0,1.5
619,61,2.397940009,1379,-118.49367,-0.447850825,0.737164066,3.165475048,7.980919153,4.915591745,15.625,9.2,0,0,0.045454546,0
620,49,1.869231721,1051,-121.64106,0.138021298,1.172482137,3.063390922,5.823332837,1.686398954,12.38095238,8.9,0,0,0,0
621,46,2.413299765,1058,-119.60892,-0.661648514,4.137084716,4.154184563,8.172972372,3.529297384,36.19047619,20.9,0,0,0.409090909,0.6667
622,45,2.146128036,1350,-118.72859,-0.567395975,0.810930216,1.360976553,8.036804302,3.202746443,23.46938776,9.4,0,0,0,0.750018182
623,58,1.977723605,1124,-118.80126,-0.590590592,2.789937361,1.360976553,7.811807019,5.616771098,26.66666667,11.8,0,0,0,0.777777778
624,56,2.28555731,1401,-119.25914,-0.798507696,-0.597837001,2.954910279,7.182082319,4.832305759,6.315789474,9.8,0.16,0,0,0
625,76,2.193124598,1147,-119.208813,-0.208254939,3.432696049,2.954910279,7.701109268,3.202746443,20,21,0,0,0.363636364,1.5
626,41,2.539076098,24,-124.094376,0.697139202,1.821318271,5.281171208,6.193259837,3.258096538,91.42857143,13.4,0,0,0.409090909,0
627,65,2.2787536,1216,-119.80257,-0.707246105,2.532902848,3.299533728,7.370634213,1.791759469,36.19047619,12.4,0,0,0,0.6667
628,58,2.130333768,1427,-119.3513,-0.638658995,3.655064106,2.2300144,8.176731528,5.641552398,38.0952381,11.1,0,0,0.454545455,0
629,78,2.136720566,1257,-118.95006,-0.699165253,2.77695418,3.039749159,7.715364021,2.041220329,39.04761905,20.8,0,0,0.045454546,0.95455
630,51,2.698970003,716,-119.95186,-0.800732391,5.385916071,4.926528785,7.990066711,5.199049365,8.737864078,14.9,0.14,0,0.181818182,1.5
631,63,1.568201724,1451,-118.45238,-0.371063681,3.502851035,1.987874348,7.435828693,4.564348191,16.19047619,17.3,0,0,0.363636364,0
632,59,1.832508914,1856,-118.68596,-0.109814866,1.202972304,1.504077397,5.881060111,2.694627181,25.71428571,13.6,0,0,0.045454546,0.484872727
633,53,2.453318341,2141,-117.31785,0.603769369,0.364643114,2.57261223,5.244423175,3.169685581,4.761904762,7.3,0,0,0.954545455,0
634,75,2.271841607,1230,-119.65115,-0.424647928,3.446807893,2.809402695,7.256233291,2.379546134,23.80952381,12,0,0,0.090909091,1.318181818
635,49,2.120573931,1325,-119.21856,-0.128970381,3.67478053,2.341805806,6.390149771,3.113515309,3,21.4,0,0,0.636363636,0
636,93,2.107209969,158,-124.04333,0.581097677,2.238579763,4.832305759,7.189809327,5.066385309,5.714285714,12.7,0,0,0,0
637,36,2.240549248,1011,-119.591,-0.84397007,2.614471854,3.349904087,8.144068741,2.965273066,43.80952381,12.4,0,0,0,1.5
638,59,2.198657087,294,-122.67493,0.407463111,3.399529325,3.608211551,6.48553273,3.852273001,13.33333333,14.6,0,0,0,0
639,11,2.963787828,684,-100.10102,-0.675307262,5.831589179,4.347693956,8.199159672,4.930870326,98.0952381,19.8,14.59,0,1,1.5
640,31,3.207634367,879,-102.38916,-0.832409248,5.799728816,5.260615499,8.524014672,6.713927782,100,22.1,13.28,0,0,0.060609091
641,43,3.257678574,628,-101.0844,-0.807436327,4.183270771,5.011301739,9.060346209,6.616600517,99.04761905,27,54.75,0,0.954545455,1.5
642,58,2.146128036,2571,-110.98692,-0.046043939,3.287281858,2.517696473,4.85605341,3.265759411,0.952380952,9.5,0.02,0,0,0
643,60,2.636487896,1919,-111.34731,-0.800732391,4.024100909,6.620872887,8.217435839,5.412538511,79.04761905,12.6,0,0,0.863636364,1.5
644,58,1.959041392,2445,-111.179167,-0.153151179,1.45395301,3.265759411,7.528237139,5.857361563,4.761904762,11.9,0,0,0,0.090909091
645,37,2.781755374,2678,-111.3525,-0.33128571,3.211246798,3.871201011,8.164611004,7.618742378,14.28571429,10.4,0.42,0,0.136363636,1.5
646,68,1.799340549,1474,-118.49916,-0.191160505,1.499623046,1.916922612,5.827217655,3.624340933,26.92307692,14.4,0,0,0,0.909090909
647,39,1.949390008,748,-121.72463,1.142948102,1.211940974,2.541601993,3.413060074,2.939161922,4.807692308,11.3,0,0,0,0
648,52,2.123851641,1862,-119.89609,-0.278392026,1.286474026,2.163323026,6.211330734,3.939638172,59.04761905,5.7,0,0,0,1.5
649,39,1.579783597,1182,-120.67906,-0.153151179,-0.653926467,2.587764035,7.857421952,4.404277244,43.75,8.7,0,0,0,0
650,46,1.322219295,1051,-121.06659,1.010145307,3.050693832,2.197224577,5.869460812,3.575150689,9.523809524,9.6,0,0,0,0
651,75,1.591064606,771,-120.97756,1.287026359,4.388008706,1.504077397,4.448178146,3.370738174,50.47619048,10.8,0,0,0.318181818,0
652,69,1.903089987,149,-124.059444,1.293630676,3.813086258,4.421247348,5.50891454,4.515245478,14.28571429,13.2,0.01,0,0,0
653,58,1.176091259,1733,-120.647222,0.227932068,0.122217633,1.722766598,5.604672752,2.57261223,31.42857143,5.5,0,0,0.136363636,0
654,54,1.77815125,843,-121.089167,1.220534893,3.891412052,5.525452939,6.045100096,4.268297869,5.714285714,15.2,0,0,0.045454546,0
655,69,1.924279286,976,-120.768056,0.165514438,0.270027137,1.987874348,6.157692714,4.720282993,6.666666667,7.4,0,0,0.272727273,0
656,55,1.579783597,1042,-120.769167,0.313349819,4.170533701,2.564949357,6.340547998,2.839078464,16.19047619,10.2,0,0,0.045454546,0
657,44,1.897627091,1428,-120.907222,0.491642804,1.004301609,1.435084525,4.355887977,4.010962953,16.19047619,8.5,0,0,0.954545455,0
658,62,1.653212514,1041,-120.923889,0.580538236,4.239742765,3.126760536,6.486110483,4.763881877,8.571428571,9.1,0,0,0,0
659,66,2.000000001,79,-124.443333,1.101275406,3.772071045,4.793308128,6.108905302,4.478472533,40,14.8,0,0,0.090909091,0.113636364
660,67,1.447158032,1504,-121.04039,0.961646434,-0.371063681,1.686398954,5.800386898,3.165475048,8.571428571,8,0,0,0.045454546,0
661,56,1.602059992,1179,-120.84474,0.351360849,0.019802627,2.104134154,5.075949191,2.014903021,31.73076923,10.9,0,0,0.363636364,0
662,61,1.995635195,140,-124.17229,1.138153463,2.180417459,4.636668853,5.525007449,4.940927882,9.708737864,14.5,0,0,0.045454546,0.121218182
663,61,1.929418926,715,-120.83299,0.354873322,1.01884732,2.140066163,5.047149587,2.091864062,10.57692308,12.6,0,0,0.045454546,0
664,55,1.672097857,789,-120.828,0.379121133,4.978662915,1.824549292,5.105736334,3.723280881,14.28571429,7,0,0,0.090909091,0
665,56,1.740362688,621,-120.93223,1.056748085,3.881769962,2.32238772,4.954669941,4.363098625,4.761904762,10.5,0,0,0.045454546,0
666,34,2.264817822,2714,-110.62881,0.055434707,0.845868268,2.862200881,7.810126786,7.674524599,12.38095238,4.3,0,0,0.454545455,0
667,43,2.060697841,1780,-108.79684,-1.287354413,4.734442522,7.164488333,8.241613588,10.35893893,72.38095238,5.2,0,0,0.954545455,1
668,50,2.075546962,2449,-107.238889,-0.441610555,0.139761942,2.862200881,7.260805762,3.744787086,1.904761905,13.5,0,0,0.227272727,0.6667
669,53,2.320146286,1931,-108.516111,-0.757152511,4.324927043,4.677490848,7.922086641,8.060445315,40,13.4,0.72,0,1,0.833345455
670,6,1.041392685,1688,-121.73108,1.107902336,0.329303747,1.360976553,2.027885055,0.530628251,28.84615385,13.7,0,0,0.727272727,0
